,X-Coord,Z-Coord,Bearing,Speed,Current State,,,,,,,,,,,,,,,,,,
30.048,29.14177718,25.4239646,1.250242248,0.116809031,0,,,,,,,,,,,,,,,,,33.3160054,-19.63771291
30.08,29.13440602,25.42599691,1.250302806,0.239426891,0,,,,,,,,,,,,,,,,,33.3096639,-19.63980198
30.112,29.12331407,25.42918097,1.25032995,0.361124785,0,,,,,,,,,,,,,,,,,33.30865865,-19.62880597
30.144,29.10849379,25.43353951,1.250327035,0.483187022,0,,,,,,,,,,,,,,,,,33.30818394,-19.61289085
30.176,29.08990671,25.4391021,1.2502998,0.606644962,0,,,,,,,,,,,,,,,,,33.30814185,-19.59219972
30.208,29.06749083,25.44590513,1.250254118,0.732293368,0,,,,,,,,,,,,,,,,,33.3084306,-19.56685635
30.24,29.04116696,25.45398994,1.250195604,0.860707835,0,,,,,,,,,,,,,,,,,33.30895286,-19.53695862
30.272,29.01084444,25.46340064,1.250129444,0.992263138,0,,,,,,,,,,,,,,,,,33.30961891,-19.5025791
30.304,28.97642628,25.47418213,1.250060244,1.127156439,0,,,,,,,,,,,,,,,,,33.31034947,-19.46376532
30.336,28.93781354,25.48637833,1.249991904,1.26543446,0,,,,,,,,,,,,,,,,,33.31107803,-19.42054021
30.368,28.89490892,25.50003081,1.249927536,1.407022413,0,,,,,,,,,,,,,,,,,33.31175224,-19.37290317
30.4,28.84762059,25.51517758,1.249868741,1.55171846,0,,,,,,,,,,,,,,,,,33.31234797,-19.32080974
30.432,28.79586316,25.5318525,1.249816948,1.699289148,0,,,,,,,,,,,,,,,,,33.31284289,-19.26421732
30.464,28.73956047,25.5500848,1.249772364,1.8494114,0,,,,,,,,,,,,,,,,,33.3132372,-19.20305278
30.496,28.67864413,25.56989909,1.249735557,2.001808611,0,,,,,,,,,,,,,,,,,33.31352245,-19.13726378
30.528,28.61305303,25.59131579,1.249707179,2.156222242,0,,,,,,,,,,,,,,,,,33.31368727,-19.06680888
30.56,28.54273372,25.61435148,1.24968741,2.312386048,0,,,,,,,,,,,,,,,,,33.31372847,-18.99163929
30.592,28.46764045,25.63901915,1.249675968,2.470036715,0,,,,,,,,,,,,,,,,,33.3136509,-18.91169914
30.624,28.38773479,25.66532846,1.249672241,2.628923227,0,,,,,,,,,,,,,,,,,33.31346494,-18.82692957
30.656,28.30298624,25.69328605,1.249674935,2.788780981,0,,,,,,,,,,,,,,,,,33.31319339,-18.73725725
30.688,28.21337097,25.72289578,1.249682833,2.949383965,0,,,,,,,,,,,,,,,,,33.31285687,-18.64261857
30.72,28.11887082,25.75415927,1.249694912,3.110543093,0,,,,,,,,,,,,,,,,,33.31247176,-18.5429622
30.752,28.01947262,25.78707632,1.249710162,3.272090687,0,,,,,,,,,,,,,,,,,33.31205377,-18.43824254
30.784,27.91516718,25.82164531,1.249727917,3.4338961,0,,,,,,,,,,,,,,,,,33.31161191,-18.32842946
30.816,27.80594856,25.85786359,1.249747652,3.595851327,0,,,,,,,,,,,,,,,,,33.31115244,-18.21350098
30.848,27.69181354,25.89572772,1.24976894,3.757868591,0,,,,,,,,,,,,,,,,,33.31067982,-18.09344101
30.88,27.57276109,25.93523371,1.249791427,3.919877748,0,,,,,,,,,,,,,,,,,33.31019718,-17.96823818
30.912,27.44879189,25.97637727,1.249814823,4.081823698,0,,,,,,,,,,,,,,,,,33.30970664,-17.83788484
30.944,27.31990804,26.0191539,1.249838887,4.243663881,0,,,,,,,,,,,,,,,,,33.30920957,-17.70237642
30.976,27.18611268,26.06355908,1.249863428,4.40536596,0,,,,,,,,,,,,,,,,,33.30870671,-17.56171085
31.008,27.04740981,26.10958838,1.249888294,4.566905718,0,,,,,,,,,,,,,,,,,33.3081983,-17.41588831
31.04,26.9038041,26.15723753,1.249913384,4.728265192,0,,,,,,,,,,,,,,,,,33.30768406,-17.26491105
31.072,26.75530073,26.20650247,1.249938643,4.889431057,0,,,,,,,,,,,,,,,,,33.30716319,-17.10878342
31.104,26.60190531,26.25737944,1.249964072,5.050393259,0,,,,,,,,,,,,,,,,,33.30663437,-16.9475118
31.136,26.4436238,26.30986492,1.249989721,5.211143871,0,,,,,,,,,,,,,,,,,33.30609574,-16.78110461
31.168,26.2804625,26.36395565,1.250015691,5.371676171,0,,,,,,,,,,,,,,,,,33.30554505,-16.60957211
31.2,26.11242797,26.41964863,1.250042124,5.531983911,0,,,,,,,,,,,,,,,,,33.30497973,-16.43292616
31.232,25.93952706,26.47694101,1.250069189,5.692060755,0,,,,,,,,,,,,,,,,,33.30439714,-16.25117978
31.264,25.76176688,26.53583007,1.250097072,5.851899862,0,,,,,,,,,,,,,,,,,33.3037947,-16.06434675
31.296,25.57915482,26.59631316,1.250125959,6.011493592,0,,,,,,,,,,,,,,,,,33.30317018,-15.8724411
31.328,25.39169858,26.65838764,1.250156022,6.170833308,0,,,,,,,,,,,,,,,,,33.30252177,-15.67547677
31.36,25.19940615,26.72205082,1.250187416,6.329909253,0,,,,,,,,,,,,,,,,,33.30184825,-15.47346735
31.392,25.00228589,26.78729995,1.250220269,6.488710493,0,,,,,,,,,,,,,,,,,33.30114894,-15.26642592
31.424,24.80034653,26.85413216,1.250254683,6.647224897,0,,,,,,,,,,,,,,,,,33.30042373,-15.05436517
31.456,24.59359717,26.92254445,1.250290739,6.805439153,0,,,,,,,,,,,,,,,,,33.29967297,-14.83729743
31.488,24.38204739,26.99253367,1.250328498,6.963338803,0,,,,,,,,,,,,,,,,,33.29889738,-14.61523486
31.52,24.1657072,27.06409648,1.250368006,7.12090829,0,,,,,,,,,,,,,,,,,33.29809802,-14.38818959
31.552,23.94458714,27.13722934,1.250409292,7.27813102,0,,,,,,,,,,,,,,,,,33.29727619,-14.15617384
31.584,23.71869822,27.21192848,1.250452374,7.434989421,0,,,,,,,,,,,,,,,,,33.29643341,-13.9191999
31.616,23.48805203,27.2881899,1.250497254,7.591465001,0,,,,,,,,,,,,,,,,,33.29557141,-13.67728019
31.648,23.25266071,27.36600932,1.250543921,7.74753841,0,,,,,,,,,,,,,,,,,33.29469209,-13.43042726
31.68,23.01253699,27.44538218,1.250592346,7.903189487,0,,,,,,,,,,,,,,,,,33.29379752,-13.17865381
31.712,22.76769421,27.52630367,1.250642491,8.058397311,0,,,,,,,,,,,,,,,,,33.29288988,-12.92197281
31.744,22.51814635,27.60876865,1.250694306,8.213140235,0,,,,,,,,,,,,,,,,,33.2919714,-12.66039758
31.776,22.26390805,27.69277173,1.250747736,8.36739592,0,,,,,,,,,,,,,,,,,33.29104432,-12.39394192
31.808,22.00499461,27.77830722,1.250802719,8.521141358,0,,,,,,,,,,,,,,,,,33.29011087,-12.12262027
31.84,21.74142206,27.86536911,1.250859195,8.674352895,0,,,,,,,,,,,,,,,,,33.28917321,-11.84644773
31.872,21.47320713,27.95395114,1.2509171,8.827006245,0,,,,,,,,,,,,,,,,,33.28823344,-11.56544016
31.904,21.20036731,28.04404673,1.250976371,8.979076505,0,,,,,,,,,,,,,,,,,33.28729358,-11.27961421
31.936,20.92292082,28.13564901,1.251036946,9.130538159,0,,,,,,,,,,,,,,,,,33.28635556,-10.98898737
31.968,20.64088671,28.22875082,1.251098763,9.28136509,0,,,,,,,,,,,,,,,,,33.28542123,-10.69357798
32,20.35428479,28.32334468,1.251161763,9.431530582,0,,,,,,,,,,,,,,,,,33.28449235,-10.39340533
32.032,20.06313571,28.41942284,1.251225889,9.581007325,0,,,,,,,,,,,,,,,,,33.28357059,-10.08848965
32.064,19.76746097,28.51697725,1.251291088,9.729767419,0,,,,,,,,,,,,,,,,,33.28265752,-9.778852214
32.096,19.46728292,28.61599954,1.251357312,9.877782377,0,,,,,,,,,,,,,,,,,33.2817546,-9.464515322
32.128,19.16262478,28.71648106,1.251424514,10.02502313,0,,,,,,,,,,,,,,,,,33.28086325,-9.145502335
32.16,18.8535107,28.81841286,1.251492653,10.17146005,0,,,,,,,,,,,,,,,,,33.27998479,-8.821837675
32.192,18.53996573,28.92178567,1.251561691,10.31706291,0,,,,,,,,,,,,,,,,,33.27912048,-8.493546842
32.224,18.22201584,29.02658993,1.251631591,10.46180095,0,,,,,,,,,,,,,,,,,33.27827154,-8.160656424
32.256,17.89968799,29.13281576,1.251702323,10.60564287,0,,,,,,,,,,,,,,,,,33.27743912,-7.823194113
32.288,17.57301007,29.24045297,1.251773855,10.7485568,0,,,,,,,,,,,,,,,,,33.27662433,-7.481188715
32.32,17.242011,29.34949105,1.251846161,10.89051039,0,,,,,,,,,,,,,,,,,33.27582827,-7.13467016
32.352,16.90672065,29.45991918,1.251919215,11.03147078,0,,,,,,,,,,,,,,,,,33.27505198,-6.7836695
32.384,16.56716995,29.57172621,1.251992996,11.17140463,0,,,,,,,,,,,,,,,,,33.27429649,-6.428218916
32.416,16.22339085,29.68490067,1.252067481,11.31027812,0,,,,,,,,,,,,,,,,,33.27356281,-6.068351721
32.448,15.87541633,29.79943074,1.252142649,11.44805704,0,,,,,,,,,,,,,,,,,33.27285194,-5.704102367
32.48,15.52328045,29.91530429,1.252218482,11.58470674,0,,,,,,,,,,,,,,,,,33.27216484,-5.335506451
32.512,15.16701831,30.03250883,1.252294961,11.7201922,0,,,,,,,,,,,,,,,,,33.27150249,-4.962600726
32.544,14.80666612,30.15103155,1.252372068,11.85447809,0,,,,,,,,,,,,,,,,,33.27086583,-4.585423098
32.576,14.44226115,30.27085928,1.252449787,11.98752872,0,,,,,,,,,,,,,,,,,33.27025582,-4.204012635
32.608,14.07384179,30.39197851,1.252528101,12.11930816,0,,,,,,,,,,,,,,,,,33.26967338,-3.81840957
32.64,13.70144752,30.51437537,1.252606994,12.24978024,0,,,,,,,,,,,,,,,,,33.26911943,-3.428655308
32.672,13.32511893,30.63803566,1.252686449,12.37890859,0,,,,,,,,,,,,,,,,,33.26859488,-3.034792429
32.704,12.94489773,30.7629448,1.252766451,12.50665668,0,,,,,,,,,,,,,,,,,33.26810063,-2.636864694
32.736,12.56082674,30.88908788,1.252846985,12.6329879,0,,,,,,,,,,,,,,,,,33.26763756,-2.234917047
32.768,12.17294991,31.01644961,1.252928037,12.75786554,0,,,,,,,,,,,,,,,,,33.26720654,-1.828995615
32.8,11.78131229,31.14501437,1.253009591,12.88125291,0,,,,,,,,,,,,,,,,,33.26680842,-1.419147712
32.832,11.38596008,31.27476616,1.253091633,13.00311334,0,,,,,,,,,,,,,,,,,33.26644404,-1.005421837
32.864,10.98694057,31.40568864,1.253174149,13.12341025,0,,,,,,,,,,,,,,,,,33.26611421,-0.587867671
32.896,10.58430216,31.53776512,1.253257127,13.24210718,0,,,,,,,,,,,,,,,,,33.26581975,-0.166536078
32.928,10.17809438,31.67097856,1.253340553,13.35916789,0,,,,,,,,,,,,,,,,,33.26556143,0.258520905
32.96,9.768367827,31.80531154,1.253424415,13.47455638,0,,,,,,,,,,,,,,,,,33.26534002,0.687250072
32.992,9.355174213,31.94074634,1.253508701,13.58823692,0,,,,,,,,,,,,,,,,,33.26515628,1.119597057
33.024,8.938566316,32.07726486,1.253593399,13.70017419,0,,,,,,,,,,,,,,,,,33.26501093,1.555506346
33.056,8.518597982,32.21484868,1.2536785,13.81033324,0,,,,,,,,,,,,,,,,,33.2649047,1.99492129
33.088,8.095324109,32.35347906,1.253763992,13.91867961,0,,,,,,,,,,,,,,,,,33.26483827,2.437784116
33.12,7.668800629,32.4931369,1.253849867,14.02517937,0,,,,,,,,,,,,,,,,,33.26481234,2.884035948
33.152,7.239084493,32.6338028,1.253936116,14.12979919,0,,,,,,,,,,,,,,,,,33.26482758,3.333616824
33.184,6.806233649,32.77545704,1.254022731,14.23250636,0,,,,,,,,,,,,,,,,,33.26488462,3.78646572
33.216,6.370307021,32.9180796,1.254109703,14.33326891,0,,,,,,,,,,,,,,,,,33.26498412,4.242520566
33.248,5.931364488,33.06165014,1.254197026,14.43205559,0,,,,,,,,,,,,,,,,,33.26512669,4.701718279
33.28,5.489466857,33.20614806,1.254284694,14.528836,0,,,,,,,,,,,,,,,,,33.26531294,5.163994785
33.312,5.044675837,33.35155245,1.2543727,14.62358061,0,,,,,,,,,,,,,,,,,33.26554348,5.62928505
33.344,4.59705401,33.49784213,1.25446104,14.71626082,0,,,,,,,,,,,,,,,,,33.26581889,6.097523109
33.376,4.146664803,33.64499567,1.254549708,14.80684901,0,,,,,,,,,,,,,,,,,33.26613975,6.568642101
33.408,3.693572455,33.79299139,1.2546387,14.89531861,0,,,,,,,,,,,,,,,,,33.26650661,7.042574303
33.44,3.237841985,33.94180735,1.254728013,14.98164413,0,,,,,,,,,,,,,,,,,33.26692004,7.519251162
33.472,2.779539156,34.09142139,1.254817642,15.06580122,0,,,,,,,,,,,,,,,,,33.26738058,7.99860334
33.504,2.31873044,34.24181115,1.254907585,15.14776674,0,,,,,,,,,,,,,,,,,33.26788877,8.480560746
33.536,1.855482979,34.39295404,1.254997838,15.22751875,0,,,,,,,,,,,,,,,,,33.26844513,8.965052581
33.568,1.38986455,34.54482728,1.255088401,15.30503662,0,,,,,,,,,,,,,,,,,33.26905017,9.452007379
33.6,0.921943521,34.69740793,1.255179269,15.38030101,0,,,,,,,,,,,,,,,,,33.26970441,9.941353049
33.632,0.451788811,34.85067288,1.255270442,15.45329396,0,,,,,,,,,,,,,,,,,33.27040835,10.43301692
33.664,-0.020530152,35.00459886,1.255361918,15.5239989,0,,,,,,,,,,,,,,,,,33.27116248,10.92692579
33.696,-0.494943473,35.15916246,1.255453695,15.59240067,0,,,,,,,,,,,,,,,,,33.27196728,11.42300596
33.728,-0.971380839,35.31434018,1.255545773,15.6584856,0,,,,,,,,,,,,,,,,,33.27282323,11.9211833
33.76,-1.449771557,35.47010837,1.25563815,15.72224146,0,,,,,,,,,,,,,,,,,33.27373079,12.42138329
33.792,-1.930044604,35.62644331,1.255730826,15.78365756,0,,,,,,,,,,,,,,,,,33.27469044,12.92353105
33.824,-2.412128675,35.78332122,1.255823799,15.84272472,0,,,,,,,,,,,,,,,,,33.27570262,13.42755143
33.856,-2.895952226,35.94071824,1.25591707,15.8994353,0,,,,,,,,,,,,,,,,,33.27676777,13.93336902
33.888,-3.381443523,36.09861047,1.256010639,15.95378324,0,,,,,,,,,,,,,,,,,33.27788633,14.44090821
33.92,-3.868530688,36.25697398,1.256104503,16.00576402,0,,,,,,,,,,,,,,,,,33.27905875,14.95009326
33.952,-4.357141752,36.41578482,1.256198665,16.05537471,0,,,,,,,,,,,,,,,,,33.28028543,15.46084834
33.984,-4.847204696,36.57501907,1.256293123,16.10261392,0,,,,,,,,,,,,,,,,,33.28156679,15.97309756
34.016,-5.338647501,36.73465279,1.256387879,16.14748187,0,,,,,,,,,,,,,,,,,33.28290325,16.48676505
34.048,-5.8313982,36.89466211,1.256482931,16.18998034,0,,,,,,,,,,,,,,,,,33.28429521,17.00177499
34.08,-6.325384919,37.05502318,1.25657828,16.23011264,0,,,,,,,,,,,,,,,,,33.28574306,17.51805169
34.112,-6.820535926,37.21571224,1.256673927,16.26788366,0,,,,,,,,,,,,,,,,,33.28724719,18.03551959
34.144,-7.316779681,37.37670559,1.256769871,16.30329979,0,,,,,,,,,,,,,,,,,33.28880799,18.55410335
34.176,-7.814044877,37.53797964,1.256866114,16.33636896,0,,,,,,,,,,,,,,,,,33.29042583,19.07372789
34.208,-8.312260488,37.69951091,1.256962657,16.36710057,0,,,,,,,,,,,,,,,,,33.29210108,19.59431842
34.24,-8.811355814,37.86127604,1.257059498,16.39550548,0,,,,,,,,,,,,,,,,,33.29383412,20.11580052
34.272,-9.311260521,38.0232518,1.257156641,16.42159599,0,,,,,,,,,,,,,,,,,33.29562528,20.63810014
34.304,-9.811904688,38.18541514,1.257254084,16.4453858,0,,,,,,,,,,,,,,,,,33.29747494,21.16114369
34.336,-10.31321885,38.34774314,1.257351829,16.46688999,0,,,,,,,,,,,,,,,,,33.29938343,21.68485805
34.368,-10.81513402,38.51021309,1.257449876,16.48612494,0,,,,,,,,,,,,,,,,,33.3013511,22.20917065
34.4,-11.31758177,38.67280247,1.257548228,16.50310835,0,,,,,,,,,,,,,,,,,33.30337829,22.73400947
34.432,-11.82049422,38.83548894,1.257646883,16.51785915,0,,,,,,,,,,,,,,,,,33.30546532,23.2593031
34.464,-12.3238041,38.99825042,1.257745844,16.53039749,0,,,,,,,,,,,,,,,,,33.30761253,23.78498078
34.496,-12.8274448,39.16106501,1.257845111,16.54074467,0,,,,,,,,,,,,,,,,,33.30982022,24.31097243
34.528,-13.33135036,39.32391108,1.257944686,16.54892309,0,,,,,,,,,,,,,,,,,33.31208873,24.8372087
34.56,-13.83545555,39.48676726,1.258044568,16.55495622,0,,,,,,,,,,,,,,,,,33.31441836,25.36362098
34.592,-14.33969586,39.64961239,1.25814476,16.55886855,0,,,,,,,,,,,,,,,,,33.31680941,25.89014146
34.624,-14.84400757,39.81242564,1.258245262,16.56068551,0,,,,,,,,,,,,,,,,,33.31926218,26.41670313
34.656,-15.34832774,39.97518642,1.258346075,16.56043345,0,,,,,,,,,,,,,,,,,33.32177697,26.94323984
34.688,-15.85259426,40.13787443,1.258447201,16.55813957,0,,,,,,,,,,,,,,,,,33.32435408,27.46968632
34.72,-16.35674586,40.30046967,1.258548639,16.55383185,0,,,,,,,,,,,,,,,,,33.32699377,27.99597817
34.752,-16.86072215,40.46295246,1.258650391,16.54753905,0,,,,,,,,,,,,,,,,,33.32969634,28.52205194
34.784,-17.36446361,40.62530339,1.258752457,16.53929058,0,,,,,,,,,,,,,,,,,33.33246205,29.04784511
34.816,-17.86791165,40.78750338,1.25885484,16.5291165,0,,,,,,,,,,,,,,,,,33.33529117,29.57329614
34.848,-18.3710086,40.94953369,1.258957538,16.51704746,0,,,,,,,,,,,,,,,,,33.33818396,30.09834445
34.88,-18.87369773,41.11137588,1.259060553,16.50311461,0,,,,,,,,,,,,,,,,,33.34114068,30.62293048
34.912,-19.37592328,41.27301184,1.259163885,16.4873496,0,,,,,,,,,,,,,,,,,33.34416157,31.14699569
34.944,-19.87763043,41.43442381,1.259267536,16.46978446,0,,,,,,,,,,,,,,,,,33.34724687,31.67048255
34.976,-20.37876537,41.59559435,1.259371504,16.45045163,0,,,,,,,,,,,,,,,,,33.35039681,32.19333458
35.008,-20.87927528,41.75650637,1.259475791,16.42938384,0,,,,,,,,,,,,,,,,,33.35361163,32.71549635
35.04,-21.37910832,41.91714311,1.259580397,16.40661408,0,,,,,,,,,,,,,,,,,33.35689154,33.23691349
35.072,-21.87821367,42.07748816,1.259685323,16.38217556,0,,,,,,,,,,,,,,,,,33.36023674,33.75753271
35.104,-22.37654153,42.23752546,1.259790567,16.35610166,0,,,,,,,,,,,,,,,,,33.36364745,34.27730177
35.136,-22.87404309,42.39723929,1.25989613,16.32842588,0,,,,,,,,,,,,,,,,,33.36712385,34.79616952
35.168,-23.37067057,42.55661428,1.260002011,16.29918179,0,,,,,,,,,,,,,,,,,33.37066612,35.31408587
35.2,-23.86637722,42.7156354,1.260108211,16.268403,0,,,,,,,,,,,,,,,,,33.37427445,35.83100184
35.232,-24.36111729,42.87428796,1.260214729,16.23612309,0,,,,,,,,,,,,,,,,,33.37794899,36.3468695
35.264,-24.85484605,43.03255765,1.260321563,16.20237562,0,,,,,,,,,,,,,,,,,33.3816899,36.86164202
35.296,-25.34751979,43.19043046,1.260428714,16.16719403,0,,,,,,,,,,,,,,,,,33.38549732,37.37527363
35.328,-25.8390958,43.34789275,1.260536181,16.13061166,0,,,,,,,,,,,,,,,,,33.38937139,37.88771963
35.36,-26.3295324,43.50493121,1.260643962,16.09266167,0,,,,,,,,,,,,,,,,,33.39331223,38.39893638
35.392,-26.81878887,43.66153287,1.260752057,16.05337703,1,,,,,,,,,,,,,,,,,33.39731994,38.90888133
35.424,-27.30682551,43.81768509,1.260860463,16.01279048,1,,,,,,,,,,,,,,,,,33.40139463,39.41768175
35.456,-27.79526311,43.97392904,1.260420951,16.02559789,1,,,,,,,,,,,,,,,,,33.38368956,39.94538062
35.488,-28.28297995,44.13062482,1.259207459,16.00846009,1,,,,,,,,,,,,,,,,,33.33488013,40.49855817
35.52,-28.77122732,44.288118,1.257940133,16.03187823,1,,,,,,,,,,,,,,,,,33.2831664,41.05404472
35.552,-29.25878272,44.4458161,1.256663576,16.01326902,1,,,,,,,,,,,,,,,,,33.23012391,41.60935506
35.584,-29.74677251,44.60429175,1.255510004,16.03367411,1,,,,,,,,,,,,,,,,,33.18150278,42.16099393
35.616,-30.2341431,44.76303251,1.25435563,16.01783505,1,,,,,,,,,,,,,,,,,33.13206419,42.7122751
35.648,-30.72184936,44.92261239,1.253352572,16.03594461,1,,,,,,,,,,,,,,,,,33.08862901,43.2588726
35.68,-31.20897961,45.08246038,1.25232971,16.02144751,1,,,,,,,,,,,,,,,,,33.04369951,43.80579263
35.712,-31.69651792,45.2431273,1.251403902,16.04155605,1,,,,,,,,,,,,,,,,,33.00263551,44.34992954
35.744,-32.18354546,45.40408968,1.250426234,16.02929191,1,,,,,,,,,,,,,,,,,32.95870843,44.89552486
35.776,-32.67097264,45.56589198,1.249528226,16.04940005,1,,,,,,,,,,,,,,,,,32.9180333,45.43892543
35.808,-33.15789576,45.72802032,1.248574866,16.03766689,1,,,,,,,,,,,,,,,,,32.87433565,45.98390431
35.84,-33.64525259,45.89098533,1.247683059,16.05879939,1,,,,,,,,,,,,,,,,,32.83314602,46.52732885
35.872,-34.13214966,46.05428387,1.246718588,16.04848514,1,,,,,,,,,,,,,,,,,32.78805959,47.07294423
35.904,-34.61947792,46.21842903,1.245808865,16.06968675,1,,,,,,,,,,,,,,,,,32.74522076,47.61723706
35.936,-35.1063295,46.38292723,1.244832349,16.05909853,1,,,,,,,,,,,,,,,,,32.69869291,48.16350457
35.968,-35.59361697,46.54827046,1.243910034,16.08046977,1,,,,,,,,,,,,,,,,,32.65442775,48.70847509
36,-36.08044115,46.71396571,1.242917228,16.07030149,1,,,,,,,,,,,,,,,,,32.60619983,49.25554556
36.032,-36.5676978,46.88049794,1.241975628,16.09153588,1,,,,,,,,,,,,,,,,,32.56011853,49.80141854
36.064,-37.05449145,47.04738718,1.240968475,16.08146016,1,,,,,,,,,,,,,,,,,32.51022945,50.34922065
36.096,-37.54170907,47.21510577,1.240013988,16.1024108,1,,,,,,,,,,,,,,,,,32.46259513,50.89577114
36.128,-38.0284677,47.38317655,1.23899741,16.09243777,1,,,,,,,,,,,,,,,,,32.41123929,51.44413011
36.16,-38.5156459,47.55206093,1.238031853,16.11314154,1,,,,,,,,,,,,,,,,,32.36208475,51.99128862
36.192,-39.00237326,47.72129163,1.237007675,16.1033816,1,,,,,,,,,,,,,,,,,32.30930252,52.54014008
36.224,-39.48950977,47.89132303,1.236035917,16.12368755,1,,,,,,,,,,,,,,,,,32.25883271,53.08773786
36.256,-39.97619919,48.06169525,1.235011556,16.11401271,1,,,,,,,,,,,,,,,,,32.20498025,53.63682539
36.288,-40.4632933,48.23284949,1.23404024,16.13403472,1,,,,,,,,,,,,,,,,,32.15351319,54.18463655
36.32,-40.949953,48.40433517,1.233019087,16.12466724,1,,,,,,,,,,,,,,,,,32.0987446,54.73385006
36.352,-41.43701015,48.57658655,1.232051882,16.14434405,1,,,,,,,,,,,,,,,,,32.04645809,55.28175408
36.384,-41.92363944,48.74916206,1.231040079,16.13512191,1,,,,,,,,,,,,,,,,,31.99110312,55.83088807
36.416,-42.41066172,48.92248558,1.230083083,16.15451957,1,,,,,,,,,,,,,,,,,31.93833103,56.37868354
36.448,-42.89726932,49.09612344,1.229084317,16.14561006,1,,,,,,,,,,,,,,,,,31.8826,56.92762182
36.48,-43.38426481,49.27049186,1.228140481,16.16470862,1,,,,,,,,,,,,,,,,,31.82951677,57.47521669
36.512,-43.87085881,49.44516657,1.227157982,16.1561284,1,,,,,,,,,,,,,,,,,31.7736113,58.02385953
36.544,-44.35783446,49.62055548,1.226231072,16.17490337,1,,,,,,,,,,,,,,,,,31.72045521,58.57113602
36.576,-44.84442177,49.79624189,1.225268101,16.16664082,1,,,,,,,,,,,,,,,,,31.664594,59.11938247
36.608,-45.33138552,49.97262572,1.224360541,16.18511532,1,,,,,,,,,,,,,,,,,31.61153816,59.66626792
36.64,-45.81797412,50.149299,1.223419208,16.1771782,1,,,,,,,,,,,,,,,,,31.55588449,60.21405647
36.672,-46.30493368,50.32665403,1.222533263,16.19535331,1,,,,,,,,,,,,,,,,,31.50310454,60.76048453
36.704,-46.79153088,50.50429078,1.221615567,16.18773061,1,,,,,,,,,,,,,,,,,31.44782565,61.30775745
36.736,-47.27849422,50.68259344,1.220752684,16.20562248,1,,,,,,,,,,,,,,,,,31.3954565,61.85368865
36.768,-47.76510811,50.86117007,1.219859568,16.19831601,1,,,,,,,,,,,,,,,,,31.34066183,62.40042324
36.8,-48.25208338,51.0403975,1.219020598,16.21593148,1,,,,,,,,,,,,,,,,,31.28880751,62.9458379
36.832,-48.7387216,51.21989169,1.218152872,16.20893022,1,,,,,,,,,,,,,,,,,31.23460337,63.4920157
36.864,-49.22571652,51.40002163,1.217338428,16.22626991,1,,,,,,,,,,,,,,,,,31.18335715,64.03690006
36.896,-49.71238796,51.58040703,1.216494025,16.21956257,1,,,,,,,,,,,,,,,,,31.12966338,64.58259431
36.928,-50.19941139,51.76141782,1.215703686,16.23667502,1,,,,,,,,,,,,,,,,,31.0790525,65.12696971
36.96,-50.68612392,51.94267298,1.214882942,16.23023202,1,,,,,,,,,,,,,,,,,31.02594346,65.67217682
36.992,-51.1731832,52.12454307,1.214116868,16.24709914,1,,,,,,,,,,,,,,,,,30.97603277,66.21604498
37.024,-51.65994071,52.30664696,1.21332141,16.24082382,1,,,,,,,,,,,,,,,,,30.92367205,66.76071604
37.056,-52.1470436,52.48935052,1.212577906,16.25750475,1,,,,,,,,,,,,,,,,,30.87439896,67.30413681
37.088,-52.63383898,52.67228244,1.211813913,16.25101664,1,,,,,,,,,,,,,,,,,30.82326817,67.84807291
37.12,-53.12098883,52.85579661,1.211095115,16.26779148,1,,,,,,,,,,,,,,,,,30.77483305,68.39098148
37.152,-53.60782902,53.03953142,1.210361721,16.26116933,1,,,,,,,,,,,,,,,,,30.72494404,68.93421636
37.184,-54.09503548,53.22383242,1.20966598,16.27813077,1,,,,,,,,,,,,,,,,,30.67728912,69.47667183
37.216,-54.58192984,53.40834696,1.20896286,16.2713722,1,,,,,,,,,,,,,,,,,30.62868856,70.01922365
37.248,-55.06920341,53.59340942,1.208288892,16.2885254,1,,,,,,,,,,,,,,,,,30.58177348,70.56127365
37.28,-55.55615811,53.77867978,1.207616389,16.28151943,1,,,,,,,,,,,,,,,,,30.5345537,71.10313714
37.312,-56.04350539,53.96447947,1.206964904,16.29887156,1,,,,,,,,,,,,,,,,,30.48847875,71.64476366
37.344,-56.53052603,54.15048098,1.206324341,16.29158336,1,,,,,,,,,,,,,,,,,30.44280388,72.18590274
37.376,-57.01793357,54.33699302,1.205705445,16.30857414,1,,,,,,,,,,,,,,,,,30.39836179,72.72678041
37.408,-57.50502424,54.52369664,1.205098995,16.30146771,1,,,,,,,,,,,,,,,,,30.35446528,73.26713066
37.44,-57.99250138,54.71089191,1.204512228,16.31824711,1,,,,,,,,,,,,,,,,,30.31169706,73.80728042
37.472,-58.47967211,54.89826853,1.203939127,16.31134213,1,,,,,,,,,,,,,,,,,30.26959982,74.34687263
37.504,-58.96722402,55.08611767,1.203385641,16.32776363,1,,,,,,,,,,,,,,,,,30.22866596,74.88626146
37.536,-59.45447579,55.27413646,1.202846956,16.32091946,1,,,,,,,,,,,,,,,,,30.18852618,75.42506102
37.568,-59.94211129,55.46260785,1.202326955,16.33720138,1,,,,,,,,,,,,,,,,,30.1495169,75.96368763
37.6,-60.42945302,55.65123711,1.201822814,16.33041861,1,,,,,,,,,,,,,,,,,30.11142132,76.50169554
37.632,-60.91718385,55.84029863,1.201336257,16.34663644,1,,,,,,,,,,,,,,,,,30.07440711,77.03956812
37.664,-61.4046235,56.02950569,1.200866356,16.33979764,1,,,,,,,,,,,,,,,,,30.03840879,77.57679688
37.696,-61.89246161,56.21912454,1.200413017,16.35606395,1,,,,,,,,,,,,,,,,,30.0034446,78.11392874
37.728,-62.38001123,56.40887622,1.199977422,16.34916674,1,,,,,,,,,,,,,,,,,29.9696224,78.65038262
37.76,-62.86795553,56.59901858,1.199559034,16.36508985,1,,,,,,,,,,,,,,,,,29.93692108,79.18671489
37.792,-63.35562475,56.78928018,1.199158455,16.35843477,1,,,,,,,,,,,,,,,,,29.90540575,79.72237574
37.824,-63.84368349,56.97991128,1.198775398,16.37397262,1,,,,,,,,,,,,,,,,,29.87507395,80.25789879
37.856,-64.33148397,57.1706477,1.198410399,16.36765379,1,,,,,,,,,,,,,,,,,29.84598622,80.79275414
37.888,-64.81967017,57.36173212,1.198063107,16.38284086,1,,,,,,,,,,,,,,,,,29.81813449,81.32746047
37.92,-65.3076149,57.55290774,1.197734053,16.3768541,1,,,,,,,,,,,,,,,,,29.79157981,81.86150459
37.952,-65.7959422,57.74440951,1.19742294,16.39170434,1,,,,,,,,,,,,,,,,,29.76631811,82.39538712
37.984,-66.28404477,57.93598795,1.197130152,16.3860415,1,,,,,,,,,,,,,,,,,29.74239895,82.92861538
38.016,-66.77252725,58.12787061,1.196855546,16.40056726,1,,,,,,,,,,,,,,,,,29.71983081,83.46166944
38.048,-67.26080161,58.31981503,1.196599332,16.39521982,1,,,,,,,,,,,,,,,,,29.69864929,83.99407723
38.08,-67.74945375,58.51204154,1.196360675,16.40943234,1,,,,,,,,,,,,,,,,,29.67880415,84.5263245
38.112,-68.23791384,58.70431552,1.196139816,16.4043913,1,,,,,,,,,,,,,,,,,29.66033381,85.05795266
38.144,-68.72674968,58.89685019,1.195937506,16.41830134,1,,,,,,,,,,,,,,,,,29.64332141,85.58938497
38.176,-69.21540989,59.08941656,1.195753975,16.41355817,1,,,,,,,,,,,,,,,,,29.62780492,86.12017807
38.208,-69.70444451,59.28222135,1.19558933,16.42717578,1,,,,,,,,,,,,,,,,,29.61381445,86.65076003
38.24,-70.19331955,59.47504232,1.195443555,16.42272157,1,,,,,,,,,,,,,,,,,29.60136745,87.18070849
38.272,-70.68256804,59.66807937,1.195316001,16.43605591,1,,,,,,,,,,,,,,,,,29.59042749,87.71046069
38.304,-71.17167242,59.86111768,1.195206426,16.43188145,1,,,,,,,,,,,,,,,,,29.58099214,88.23961386
38.336,-71.6611492,60.05435083,1.195115831,16.44494142,1,,,,,,,,,,,,,,,,,29.5731693,88.76854231
38.368,-72.15049758,60.24756908,1.195044278,16.44103827,1,,,,,,,,,,,,,,,,,29.56698313,89.29684753
38.4,-72.64021798,60.4409599,1.194991899,16.45383246,1,,,,,,,,,,,,,,,,,29.56246655,89.82491682
38.432,-73.12982528,60.63431998,1.194957691,16.45019189,1,,,,,,,,,,,,,,,,,29.55954806,90.35239593
38.464,-73.61980407,60.82783153,1.194941948,16.46272826,1,,,,,,,,,,,,,,,,,29.55827486,90.87965452
38.496,-74.10968451,61.02129712,1.194944876,16.45934208,2,,,,,,,,,,,,,,,,,29.55868373,91.40658496
38.528,-74.60180597,61.21563062,1.19496125,16.53444137,2,,,,,,,,,,,,,,,,,29.56031569,91.93517968
38.56,-75.09402638,61.40990857,1.194245568,16.53667947,2,,,,,,,,,,,,,,,,,29.49423245,92.48650231
38.592,-75.58484045,61.60659984,1.190060896,16.52371382,2,,,,,,,,,,,,,,,,,29.1074707,93.13935676
38.624,-76.0743875,61.80521974,1.184398257,16.50953129,2,,,,,,,,,,,,,,,,,28.57949838,93.83278595
38.656,-76.56309188,62.00582801,1.178885218,16.50862869,2,,,,,,,,,,,,,,,,,28.06091472,94.51887647
38.688,-77.05141473,62.20815997,1.174421955,16.51814299,2,,,,,,,,,,,,,,,,,27.63723354,95.17323607
38.72,-77.53969881,62.41216622,1.171264954,16.53712369,2,,,,,,,,,,,,,,,,,27.33488642,95.79043542
38.752,-78.02843259,62.61782989,1.169372751,16.57011196,2,,,,,,,,,,,,,,,,,27.15208607,96.37240202
38.784,-78.51561983,62.82302121,1.16825746,16.51984162,2,,,,,,,,,,,,,,,,,27.04260723,96.93113342
38.816,-78.99959414,63.02736327,1.168018572,16.41701563,2,,,,,,,,,,,,,,,,,27.01775371,97.46241894
38.848,-79.47940128,63.2302807,1.168417799,16.2797356,2,,,,,,,,,,,,,,,,,27.05544393,97.97207302
38.88,-79.95537684,63.43210652,1.169543604,16.15617691,2,,,,,,,,,,,,,,,,,27.16552788,98.45751444
38.912,-80.42695706,63.63181816,1.171084087,16.00393339,2,,,,,,,,,,,,,,,,,27.31749951,98.92650246
38.944,-80.89437667,63.82924447,1.173044305,15.85636605,2,,,,,,,,,,,,,,,,,27.51217433,99.37896245
38.976,-81.35832435,64.02448212,1.175540569,15.72981812,2,,,,,,,,,,,,,,,,,27.7615198,99.81191936
39.008,-81.8194517,64.21723141,1.178629885,15.61846343,2,,,,,,,,,,,,,,,,,28.07138561,100.2239786
39.04,-82.27836547,64.40752614,1.182220266,15.52511817,2,,,,,,,,,,,,,,,,,28.43302414,100.6178552
39.072,-82.73568473,64.5955563,1.186242661,15.45205088,2,,,,,,,,,,,,,,,,,28.83996756,100.995466
39.104,-83.19157481,64.78101469,1.190567715,15.38028939,2,,,,,,,,,,,,,,,,,29.27922351,101.3601956
39.136,-83.64617952,64.96375639,1.19513887,15.31122418,2,,,,,,,,,,,,,,,,,29.7451504,101.7134087
39.168,-84.09963223,65.14360513,1.199950228,15.24426688,2,,,,,,,,,,,,,,,,,30.23715607,102.0551986
39.2,-84.55204355,65.32091731,1.204995632,15.18491797,2,,,,,,,,,,,,,,,,,30.75510905,102.3851969
39.232,-85.00352946,65.49483645,1.210249704,15.11955916,2,,,,,,,,,,,,,,,,,31.29575345,102.7039692
39.264,-85.45421142,65.6653942,1.215678589,15.05861888,2,,,,,,,,,,,,,,,,,31.85574432,103.0123937
39.296,-85.90419632,65.83261468,1.22124241,15.00160161,2,,,,,,,,,,,,,,,,,32.43106499,103.3119639
39.328,-86.3535407,65.99759831,1.226918233,14.95860564,2,,,,,,,,,,,,,,,,,33.02043152,103.6029958
39.36,-86.80228237,66.15957991,1.232660089,14.9088128,2,,,,,,,,,,,,,,,,,33.61839227,103.8867982
39.392,-87.25047285,66.31829925,1.238411037,14.85827041,2,,,,,,,,,,,,,,,,,34.21876599,104.1652552
39.424,-87.69816243,66.47371841,1.24412185,14.80937267,2,,,,,,,,,,,,,,,,,34.81632183,104.4401421
39.456,-88.14539596,66.62587709,1.249754601,14.76277693,2,,,,,,,,,,,,,,,,,35.40703425,104.7129471
39.488,-88.59225864,66.77482437,1.255260777,14.71976441,2,,,,,,,,,,,,,,,,,35.9857246,104.9856747
39.52,-89.03885621,66.92063372,1.26058254,14.68117474,2,,,,,,,,,,,,,,,,,36.54620069,105.2608135
39.552,-89.48531839,67.0634255,1.265670358,14.64815139,2,,,,,,,,,,,,,,,,,37.08312439,105.5406949
39.584,-89.93177392,67.20335114,1.270489698,14.62091723,2,,,,,,,,,,,,,,,,,37.59272164,105.8274946
39.616,-90.3814904,67.3416453,1.274730413,14.70312554,2,,,,,,,,,,,,,,,,,38.04206122,106.1367119
39.648,-90.8359195,67.47873958,1.278368708,14.8330778,2,,,,,,,,,,,,,,,,,38.4280921,106.4715875
39.68,-91.29575129,67.61515656,1.281769076,14.98876417,2,,,,,,,,,,,,,,,,,38.7894755,106.8193826
39.712,-91.76120599,67.75116615,1.284961079,15.15373273,2,,,,,,,,,,,,,,,,,39.12937349,107.1794619
39.744,-92.23222964,67.88695208,1.287875437,15.31892685,2,,,,,,,,,,,,,,,,,39.4403506,107.554812
39.776,-92.70902711,68.02280185,1.2905675,15.49292577,2,,,,,,,,,,,,,,,,,39.72832955,107.9437349
39.808,-93.19160683,68.15889843,1.292995342,15.66887065,2,,,,,,,,,,,,,,,,,39.98872646,108.3481195
39.84,-93.67992872,68.29526096,1.295057947,15.84387984,2,,,,,,,,,,,,,,,,,40.21030557,108.7722213
39.872,-94.17387834,68.43192712,1.296635606,16.01585972,2,,,,,,,,,,,,,,,,,40.3796328,109.2211222
39.904,-94.67337097,68.56925428,1.297768926,16.18833404,2,,,,,,,,,,,,,,,,,40.5009005,109.6934212
39.936,-95.17837984,68.70754978,1.298536885,16.3625789,2,,,,,,,,,,,,,,,,,40.58250027,110.186103
39.968,-95.68887333,68.8470477,1.299005265,16.53781455,2,,,,,,,,,,,,,,,,,40.63141884,110.6966009
40,-96.20480983,68.98795264,1.299214388,16.71348432,2,,,,,,,,,,,,,,,,,40.65189669,111.2233098
40.032,-96.7261941,69.13039274,1.299257571,16.89035287,2,,,,,,,,,,,,,,,,,40.65407641,111.7624965
40.064,-97.25303533,69.27456036,1.299134472,17.06908375,2,,,,,,,,,,,,,,,,,40.63783465,112.3142244
40.096,-97.78532415,69.42059979,1.298858753,17.24872723,2,,,,,,,,,,,,,,,,,40.60457774,112.8779359
40.128,-98.32304969,69.56856775,1.298506133,17.42852057,2,,,,,,,,,,,,,,,,,40.56268778,113.4505605
40.16,-98.86617747,69.71859855,1.298042129,17.60840119,2,,,,,,,,,,,,,,,,,40.50823485,114.0334845
40.192,-99.41468116,69.87079045,1.297455846,17.78832694,2,,,,,,,,,,,,,,,,,40.43986954,114.6271307
40.224,-99.96853316,70.0252281,1.296746496,17.9681545,2,,,,,,,,,,,,,,,,,40.35736235,115.2314987
40.256,-100.5276923,70.18197766,1.295920992,18.14732962,2,,,,,,,,,,,,,,,,,40.2613537,115.8462594
40.288,-101.0921108,70.34110877,1.294972745,18.32569362,2,,,,,,,,,,,,,,,,,40.1509284,116.4716147
40.32,-101.6617455,70.50267286,1.293914892,18.50323729,2,,,,,,,,,,,,,,,,,40.02743946,117.1069701
40.352,-102.2365632,70.66672045,1.29275808,18.68026176,2,,,,,,,,,,,,,,,,,39.89197126,117.7518396
40.384,-102.8165405,70.83329195,1.291512519,18.85697992,2,,,,,,,,,,,,,,,,,39.74556674,118.4057638
40.416,-103.4016613,71.00242035,1.290188621,19.03355034,2,,,,,,,,,,,,,,,,,39.58930679,119.0682843
40.448,-103.991914,71.17413619,1.288797985,19.21009991,2,,,,,,,,,,,,,,,,,39.42443433,119.7389032
40.48,-104.5872918,71.34846609,1.287353443,19.38673155,2,,,,,,,,,,,,,,,,,39.25236437,120.4170815
40.512,-105.1877926,71.525429,1.285867731,19.56352861,2,,,,,,,,,,,,,,,,,39.07452341,121.1022945
40.544,-105.7934184,71.7050379,1.284352226,19.74055266,2,,,,,,,,,,,,,,,,,38.89219932,121.7940808
40.576,-106.4041739,71.88730098,1.282819929,19.91785292,2,,,,,,,,,,,,,,,,,38.70690329,122.4919256
40.608,-107.0200659,72.07222439,1.281282072,20.09546757,2,,,,,,,,,,,,,,,,,38.51996177,123.195392
40.64,-107.6411034,72.25980818,1.279749015,20.27340718,2,,,,,,,,,,,,,,,,,38.33261765,123.9040854
40.672,-108.2672971,72.45004743,1.278229542,20.4516735,2,,,,,,,,,,,,,,,,,38.14594171,124.6176796
40.704,-108.8986586,72.64293315,1.276732928,20.63026354,2,,,,,,,,,,,,,,,,,37.96108764,125.3358368
40.736,-109.5352,72.83845532,1.275265832,20.80916565,2,,,,,,,,,,,,,,,,,37.77890511,126.0583235
40.768,-110.176934,73.03659842,1.273835045,20.98835289,2,,,,,,,,,,,,,,,,,37.60027535,126.7849061
40.8,-110.8238733,73.23734472,1.272444667,21.16780001,2,,,,,,,,,,,,,,,,,37.42575497,127.5154549
40.832,-111.4760317,73.44067112,1.271101729,21.34748337,2,,,,,,,,,,,,,,,,,37.25628384,128.249734
40.864,-112.133422,73.6465561,1.269808598,21.52738522,2,,,,,,,,,,,,,,,,,37.09222464,128.9876834
40.896,-112.7960567,73.854974,1.268567981,21.70745726,2,,,,,,,,,,,,,,,,,36.93398778,129.7292305
40.928,-113.4639483,74.06589712,1.267381696,21.8876695,2,,,,,,,,,,,,,,,,,36.78187593,130.4743355
40.96,-114.1371086,74.27929686,1.266251044,22.06799139,2,,,,,,,,,,,,,,,,,36.63612993,131.2229772
40.992,-114.8155487,74.49514358,1.265176918,22.24839376,2,,,,,,,,,,,,,,,,,36.49694109,131.975148
41.024,-115.4992797,74.71340624,1.264159692,22.42885174,2,,,,,,,,,,,,,,,,,36.36443525,132.7308584
41.056,-116.1883116,74.93405423,1.263197946,22.6093374,2,,,,,,,,,,,,,,,,,36.23850206,133.4901814
41.088,-116.8826551,75.15705342,1.262293873,22.78983255,2,,,,,,,,,,,,,,,,,36.11950968,134.2530584
41.12,-117.5823199,75.38237267,1.261445811,22.97033534,2,,,,,,,,,,,,,,,,,36.00731759,135.0195694
41.152,-118.2873149,75.60998024,1.260651749,23.15081201,2,,,,,,,,,,,,,,,,,35.90173381,135.7898031
41.184,-118.9976497,75.83984155,1.259912875,23.33125411,2,,,,,,,,,,,,,,,,,35.80299548,136.5637332
41.216,-119.7133329,76.07192568,1.259226683,23.51166446,2,,,,,,,,,,,,,,,,,35.71084205,137.3414636
41.248,-120.4343729,76.30620036,1.258592198,23.6920213,2,,,,,,,,,,,,,,,,,35.6252165,138.1230418
41.28,-121.160778,76.54263398,1.258007924,23.87232372,2,,,,,,,,,,,,,,,,,35.54598866,138.9085323
41.312,-121.892556,76.78119526,1.257472595,24.05256833,2,,,,,,,,,,,,,,,,,35.47305754,139.6979902
41.344,-122.6297148,77.02185423,1.25698437,24.23275255,2,,,,,,,,,,,,,,,,,35.40624047,140.4914894
41.376,-123.3722616,77.26458116,1.256541699,24.41287289,2,,,,,,,,,,,,,,,,,35.34539166,141.2890922
41.408,-124.1202037,77.50934708,1.256142906,24.592931,2,,,,,,,,,,,,,,,,,35.29034444,142.0908644
41.44,-124.8735481,77.756124,1.255786312,24.77292737,2,,,,,,,,,,,,,,,,,35.24092874,142.8968708
41.472,-125.6323016,78.00488479,1.255470245,24.95286313,2,,,,,,,,,,,,,,,,,35.19697261,143.7071747
41.504,-126.3964709,78.25560306,1.255193032,25.13274079,2,,,,,,,,,,,,,,,,,35.15829992,144.5218389
41.536,-127.1660624,78.50825336,1.254952969,25.31256287,2,,,,,,,,,,,,,,,,,35.12472703,145.3406037
41.568,-127.9353981,78.76177231,1.256125045,25.31345005,2,,,,,,,,,,,,,,,,,35.29791918,146.1088351
41.6,-128.7025491,79.01450802,1.258184214,25.24095544,2,,,,,,,,,,,,,,,,,35.60309878,146.8425184
41.632,-129.4677108,79.26553597,1.26022541,25.16523847,2,,,,,,,,,,,,,,,,,35.90778445,147.5737262
41.664,-130.2310909,79.51461219,1.261885336,25.09335946,2,,,,,,,,,,,,,,,,,36.15777252,148.3159117
41.696,-130.9928743,79.76176953,1.262950092,25.02735825,2,,,,,,,,,,,,,,,,,36.32030472,149.0774174
41.728,-131.7532046,80.00720594,1.263316716,24.96759057,2,,,,,,,,,,,,,,,,,36.378736,149.8624668
41.76,-132.510334,80.2510155,1.262877335,24.85678791,2,,,,,,,,,,,,,,,,,36.31579261,150.6740415
41.792,-133.266019,80.49512603,1.262479349,24.81671086,2,,,,,,,,,,,,,,,,,36.25913599,151.482899
41.824,-134.0219131,80.73988196,1.261988192,24.82913146,2,,,,,,,,,,,,,,,,,36.18821051,152.2956329
41.856,-134.7809879,80.98563809,1.261293639,24.93332518,2,,,,,,,,,,,,,,,,,36.0853525,153.1185786
41.888,-135.5385227,81.23081639,1.261293408,24.88197578,2,,,,,,,,,,,,,,,,,36.08811199,153.9143615
41.92,-136.2943919,81.47453778,1.261593703,24.8184492,2,,,,,,,,,,,,,,,,,36.13646063,154.6971162
41.952,-137.048621,81.71655378,1.261930036,24.75334106,2,,,,,,,,,,,,,,,,,36.18975738,155.4764204
41.984,-137.7992839,81.95672261,1.262059481,24.62959926,2,,,,,,,,,,,,,,,,,36.21059349,156.2598994
42.016,-138.5482969,82.19704838,1.262335811,24.58199265,2,,,,,,,,,,,,,,,,,36.25533963,157.0366066
42.048,-139.298081,82.43790259,1.26239446,24.60998779,2,,,,,,,,,,,,,,,,,36.26644931,157.8222867
42.08,-140.0513549,82.67975491,1.262144391,24.72336336,2,,,,,,,,,,,,,,,,,36.22859799,158.6223858
42.112,-140.8031377,82.92105257,1.262478291,24.67369328,2,,,,,,,,,,,,,,,,,36.28332149,159.3993248
42.144,-141.5530522,83.16091768,1.263078626,24.60443124,2,,,,,,,,,,,,,,,,,36.38042489,160.1642139
42.176,-142.3011571,83.39912147,1.263664665,24.53477233,2,,,,,,,,,,,,,,,,,36.47512441,160.9273163
42.208,-143.0460635,83.63557591,1.264059544,24.42295669,2,,,,,,,,,,,,,,,,,36.53913384,161.694408
42.24,-143.7891837,83.87223576,1.264490385,24.37170361,2,,,,,,,,,,,,,,,,,36.61032916,162.4586237
42.272,-144.5336167,84.10948441,1.264563804,24.41637964,2,,,,,,,,,,,,,,,,,36.62403915,163.2375835
42.304,-145.2817673,84.34786951,1.264293783,24.5378537,2,,,,,,,,,,,,,,,,,36.58151811,164.0331743
42.336,-146.0345955,84.58770081,1.263823772,24.69085289,2,,,,,,,,,,,,,,,,,36.50558546,164.8405093
42.368,-146.7864417,84.8273523,1.264055433,24.65990648,2,,,,,,,,,,,,,,,,,36.54519749,165.6208529
42.4,-147.537428,85.06614978,1.264245557,24.62620338,2,,,,,,,,,,,,,,,,,36.57770974,166.4015401
42.432,-148.2864531,85.30376666,1.264589807,24.55662204,2,,,,,,,,,,,,,,,,,36.63574157,167.1742106
42.464,-149.0320182,85.53985362,1.264857779,24.43911235,2,,,,,,,,,,,,,,,,,36.68108789,167.9458617
42.496,-149.7731201,85.77422576,1.264968105,24.28997124,2,,,,,,,,,,,,,,,,,36.69997222,168.7185445
42.528,-150.509275,86.00685995,1.265002965,24.12620563,2,,,,,,,,,,,,,,,,,36.70607401,169.4891112
42.56,-151.2428523,86.23888246,1.264442658,24.04363189,2,,,,,,,,,,,,,,,,,36.61112566,170.2790139
42.592,-151.9743371,86.47038375,1.263807946,23.97637503,2,,,,,,,,,,,,,,,,,36.5027157,171.0694336
42.624,-152.7036797,86.7013313,1.26329852,23.90732391,2,,,,,,,,,,,,,,,,,36.41496054,171.8529954
42.656,-153.4309085,86.93175841,1.262964828,23.83943701,2,,,,,,,,,,,,,,,,,36.35688612,172.6279042
42.688,-154.1560678,87.16163164,1.262767554,23.77255964,2,,,,,,,,,,,,,,,,,36.32204352,173.3956536
42.72,-154.8790888,87.39089709,1.262630433,23.7031183,2,,,,,,,,,,,,,,,,,36.29744118,174.1589729
42.752,-155.5999871,87.61954005,1.262524337,23.63401035,2,,,,,,,,,,,,,,,,,36.27810572,174.9189593
42.784,-156.3188033,87.84760764,1.262436249,23.56655087,2,,,,,,,,,,,,,,,,,36.26185539,175.6758801
42.816,-157.0329673,88.07428311,1.262358325,23.41482416,2,,,,,,,,,,,,,,,,,36.24735042,176.4275127
42.848,-157.7419165,88.29936669,1.262290282,23.24444619,2,,,,,,,,,,,,,,,,,36.23454518,177.1733218
42.88,-158.4455076,88.52282546,1.262232398,23.06949082,2,,,,,,,,,,,,,,,,,36.22352445,177.9131618
42.912,-159.1436777,88.74466198,1.262185897,22.89268758,2,,,,,,,,,,,,,,,,,36.21455176,178.6469229
42.944,-159.8363915,88.96485661,1.262141065,22.71464903,2,,,,,,,,,,,,,,,,,36.20590356,179.3749211
42.976,-160.5236462,89.18339555,1.262097754,22.53639241,2,,,,,,,,,,,,,,,,,36.19754495,180.0971608
43.008,-161.2054185,89.40028336,1.262055361,22.35748522,2,,,,,,,,,,,,,,,,,36.18938273,180.8140985
43.04,-161.8861695,89.61702432,1.261974435,22.32568421,2,,,,,,,,,,,,,,,,,36.1743378,181.5310649
43.072,-162.562455,89.83244852,1.261857575,22.18022979,2,,,,,,,,,,,,,,,,,36.15273368,182.2446093
43.104,-163.2335595,90.04631745,1.261741367,22.01121006,2,,,,,,,,,,,,,,,,,36.13117659,182.9527034
43.136,-163.8993038,90.25858135,1.261643739,21.8363829,2,,,,,,,,,,,,,,,,,36.11296856,183.6545173
43.168,-164.5596168,90.46921331,1.261558629,21.65918037,2,,,,,,,,,,,,,,,,,36.09702903,184.350197
43.2,-165.2144643,90.67818916,1.261473903,21.48073776,2,,,,,,,,,,,,,,,,,36.08112872,185.0401478
43.232,-165.8638276,90.88549855,1.261384387,21.30163457,2,,,,,,,,,,,,,,,,,36.06430484,185.7245392
43.264,-166.5076964,91.09114084,1.261292201,21.12222116,2,,,,,,,,,,,,,,,,,36.04694673,186.4032824
43.296,-167.1460664,91.29510945,1.261198153,20.94261808,2,,,,,,,,,,,,,,,,,36.02919663,187.0763406
43.328,-167.7789363,91.49739394,1.261100814,20.76287399,2,,,,,,,,,,,,,,,,,36.01077483,187.7437629
43.36,-168.4063061,91.69799014,1.261001864,20.5830953,2,,,,,,,,,,,,,,,,,35.99198888,188.405488
43.392,-169.0281782,91.89689669,1.260905315,20.40337068,2,,,,,,,,,,,,,,,,,35.97359322,189.061371
43.424,-169.6445565,92.09410698,1.260812768,20.22370344,2,,,,,,,,,,,,,,,,,35.95589076,189.7113551
43.456,-170.2554457,92.2896122,1.260724113,20.04409107,2,,,,,,,,,,,,,,,,,35.93885988,190.3554477
43.488,-170.8608509,92.48340737,1.260641042,19.86457999,2,,,,,,,,,,,,,,,,,35.92282637,190.9935913
43.52,-171.4607777,92.67548862,1.260566284,19.68520429,2,,,,,,,,,,,,,,,,,35.90832012,191.625691
43.552,-172.0552326,92.86584875,1.26050086,19.50594721,2,,,,,,,,,,,,,,,,,35.89554523,192.2517199
43.584,-172.6442233,93.05449899,1.260448,19.32703027,2,,,,,,,,,,,,,,,,,35.88515167,192.8715717
43.616,-173.2277591,93.24144751,1.260412076,19.14846955,2,,,,,,,,,,,,,,,,,35.87801425,193.4857359
43.648,-173.8122871,93.42878146,1.260568772,19.18167562,2,,,,,,,,,,,,,,,,,35.90827256,194.0939586
43.68,-174.3976922,93.61631685,1.260742106,19.20970599,2,,,,,,,,,,,,,,,,,35.9418852,194.7020021
43.712,-174.9792254,93.80251278,1.260887758,19.08170381,2,,,,,,,,,,,,,,,,,35.97021013,195.3068435
43.744,-175.555828,93.98703637,1.261034401,18.91901597,2,,,,,,,,,,,,,,,,,35.9988163,195.9064453
43.776,-176.1275692,94.1699063,1.261219631,18.75857734,2,,,,,,,,,,,,,,,,,36.03508586,196.4995298
43.808,-176.694696,94.35118029,1.261427984,18.60603706,2,,,,,,,,,,,,,,,,,36.07601739,197.0869098
43.84,-177.2574379,94.53092711,1.261650801,18.46098536,2,,,,,,,,,,,,,,,,,36.11993293,197.6692139
43.872,-177.8168192,94.70947067,1.261882618,18.34950787,2,,,,,,,,,,,,,,,,,36.16576917,198.2476204
43.904,-178.3729294,94.88683102,1.262115068,18.24088015,2,,,,,,,,,,,,,,,,,36.2118681,198.822526
43.936,-178.9258695,95.06303535,1.262345527,18.13552162,2,,,,,,,,,,,,,,,,,36.25770058,199.394126
43.968,-179.4756756,95.23809536,1.262573716,18.03135264,2,,,,,,,,,,,,,,,,,36.30320499,199.9624955
44,-180.022655,95.41211065,1.262800238,17.93727771,2,,,,,,,,,,,,,,,,,36.34849804,200.5279242
44.032,-180.5670054,95.58514296,1.263023538,17.84967305,2,,,,,,,,,,,,,,,,,36.3932611,201.090686
44.064,-181.1090258,95.75728647,1.263241747,17.77187105,2,,,,,,,,,,,,,,,,,36.43710943,201.6511601
44.096,-181.6489723,95.92862439,1.263453089,17.70247939,2,,,,,,,,,,,,,,,,,36.47967547,202.2096621
44.128,-182.1868949,96.0991768,1.263656832,17.6347729,2,,,,,,,,,,,,,,,,,36.52080215,202.7662806
44.16,-182.7229168,96.26898698,1.263853079,17.57114419,2,,,,,,,,,,,,,,,,,36.56050031,203.3211612
44.192,-183.2573508,96.4381578,1.264040837,17.51780879,2,,,,,,,,,,,,,,,,,36.59855722,203.8746485
44.224,-183.7902735,96.60671842,1.264218279,17.46702477,2,,,,,,,,,,,,,,,,,36.63458946,204.4268902
44.256,-184.3217347,96.77469211,1.264385102,17.41795015,2,,,,,,,,,,,,,,,,,36.66852411,204.9779572
44.288,-184.8518217,96.94211431,1.264541213,17.37180645,2,,,,,,,,,,,,,,,,,36.70033107,205.5279443
44.32,-185.3805889,97.10900981,1.264685898,17.32752561,2,,,,,,,,,,,,,,,,,36.72985202,206.0769822
44.352,-185.9085455,97.27554776,1.264817823,17.30000155,2,,,,,,,,,,,,,,,,,36.75680011,206.625612
44.384,-186.4357263,97.44174778,1.264934469,17.27370804,2,,,,,,,,,,,,,,,,,36.78064016,207.173957
44.416,-186.9620519,97.60759513,1.265036071,17.24490393,2,,,,,,,,,,,,,,,,,36.80140566,207.7219411
44.448,-187.4875693,97.77311501,1.265123481,17.21773921,2,,,,,,,,,,,,,,,,,36.81925871,208.2695956
44.48,-188.0124247,97.9383635,1.265196471,17.19545993,2,,,,,,,,,,,,,,,,,36.83413784,208.8170761
44.512,-188.5366591,98.10336391,1.26525443,17.17462255,2,,,,,,,,,,,,,,,,,36.84590109,209.3644611
44.544,-189.0604084,98.26817009,1.265297205,17.15833967,2,,,,,,,,,,,,,,,,,36.85450191,209.9119027
44.576,-189.5838098,98.43283592,1.265324333,17.14665159,2,,,,,,,,,,,,,,,,,36.85982825,210.4595562
44.608,-190.1069051,98.59738494,1.265335623,17.1364308,2,,,,,,,,,,,,,,,,,36.86182376,211.007472
44.64,-190.6296946,98.76182779,1.265331618,17.12632114,2,,,,,,,,,,,,,,,,,36.86058738,211.5556363
44.672,-191.1522063,98.92618395,1.265313166,17.11722616,2,,,,,,,,,,,,,,,,,36.85628396,212.1040478
44.704,-191.6744443,99.09046501,1.265281168,17.10836462,2,,,,,,,,,,,,,,,,,36.84909109,212.6526783
44.736,-192.1963931,99.25467566,1.265236336,17.09908168,2,,,,,,,,,,,,,,,,,36.83914722,213.2014966
44.768,-192.7181286,99.41884947,1.265179285,17.0923778,2,,,,,,,,,,,,,,,,,36.82657226,213.7505508
44.8,-193.2396143,99.5829836,1.265110628,17.08455836,2,,,,,,,,,,,,,,,,,36.81148544,214.2997877
44.832,-193.7608687,99.74709261,1.265031113,17.0774293,2,,,,,,,,,,,,,,,,,36.79403685,214.8492004
44.864,-194.2819076,99.9111896,1.26494152,17.070893,2,,,,,,,,,,,,,,,,,36.7743841,215.3987832
44.896,-194.802795,100.075302,1.264842552,17.06652373,2,,,,,,,,,,,,,,,,,36.75266959,215.9485794
44.928,-195.3236056,100.23946,1.264734793,17.06466008,2,,,,,,,,,,,,,,,,,36.7290104,216.4986467
44.96,-195.8444106,100.403692,1.264618732,17.06518952,2,,,,,,,,,,,,,,,,,36.70350364,217.0490395
44.992,-196.365245,100.5680147,1.264495513,17.06691741,2,,,,,,,,,,,,,,,,,36.67639029,217.5997497
45.024,-196.8861102,100.7324327,1.264366773,17.06873526,2,,,,,,,,,,,,,,,,,36.64801912,218.1507176
45.056,-197.4069907,100.8969447,1.264234095,17.0700714,2,,,,,,,,,,,,,,,,,36.61873055,218.7018762
45.088,-197.927948,101.0615731,1.264098966,17.07345805,2,,,,,,,,,,,,,,,,,36.58884708,219.25323
45.12,-198.4489839,101.2263203,1.263962699,17.07692009,2,,,,,,,,,,,,,,,,,36.55865461,219.804733
45.152,-198.9701011,101.3911881,1.263826757,17.08047506,2,,,,,,,,,,,,,,,,,36.52847465,220.3563337
45.184,-199.4912986,101.5561765,1.263692534,17.08400813,2,,,,,,,,,,,,,,,,,36.49861534,220.9079814
45.216,-200.0125884,101.7212883,1.263561269,17.08792143,2,,,,,,,,,,,,,,,,,36.46935365,221.4596363
45.248,-200.533917,101.8865053,1.263434272,17.09006654,2,,,,,,,,,,,,,,,,,36.44098358,222.0111998
45.28,-201.0552899,102.051827,1.263312773,17.09238036,2,,,,,,,,,,,,,,,,,36.41378366,222.5626391
45.312,-201.5767838,102.2172748,1.263197326,17.09717215,2,,,,,,,,,,,,,,,,,36.38788399,223.1139964
45.344,-202.0982971,102.3828125,1.26308874,17.098602,2,,,,,,,,,,,,,,,,,36.36347153,223.6651452
45.376,-202.6198356,102.548438,1.26298816,17.10018178,2,,,,,,,,,,,,,,,,,36.34081024,224.2160495
45.408,-203.1414114,102.7141501,1.26289609,17.10211327,2,,,,,,,,,,,,,,,,,36.32002234,224.7667015
45.44,-203.6630281,102.8799446,1.262812908,17.10410796,2,,,,,,,,,,,,,,,,,36.30120148,225.3171221
45.472,-204.185022,103.0459226,1.262737704,17.11708313,2,,,,,,,,,,,,,,,,,36.28415148,225.8676503
45.504,-204.7072546,103.2120335,1.262670107,17.12544632,2,,,,,,,,,,,,,,,,,36.2687952,226.4181656
45.536,-205.2297235,103.3782701,1.262611885,17.13367785,2,,,,,,,,,,,,,,,,,36.25554005,226.9685997
45.568,-205.7524285,103.5446253,1.26256406,17.14182861,2,,,,,,,,,,,,,,,,,36.24462721,227.5189133
45.6,-206.27537,103.7110919,1.262527233,17.14992947,2,,,,,,,,,,,,,,,,,36.23620411,228.0690994
45.632,-206.7987178,103.8777162,1.262501087,17.16352425,2,,,,,,,,,,,,,,,,,36.23020867,228.6193138
45.664,-207.322313,104.0444399,1.262485631,17.17182955,2,,,,,,,,,,,,,,,,,36.22665364,229.1694029
45.696,-207.8461587,104.2112565,1.262481812,17.18017296,2,,,,,,,,,,,,,,,,,36.22576657,229.7193335
45.728,-208.3702585,104.3781592,1.262489492,17.18855275,2,,,,,,,,,,,,,,,,,36.2275277,230.2691118
45.76,-208.8946152,104.5451412,1.262508111,17.19695435,2,,,,,,,,,,,,,,,,,36.23181904,230.8187601
45.792,-209.4192432,104.7121998,1.262537213,17.20576147,2,,,,,,,,,,,,,,,,,36.2385466,231.3683062
45.824,-209.9441404,104.8793271,1.262576156,17.21442772,2,,,,,,,,,,,,,,,,,36.24757183,231.9177606
45.856,-210.4692205,105.0464886,1.262624575,17.22019958,2,,,,,,,,,,,,,,,,,36.25881913,232.4670527
45.888,-210.9944871,105.213679,1.262682042,17.22602475,2,,,,,,,,,,,,,,,,,36.27219869,233.0161993
45.92,-211.519942,105.3808926,1.262747613,17.231854,2,,,,,,,,,,,,,,,,,36.28749899,233.5652373
45.952,-212.0456126,105.5481325,1.26282033,17.23852698,2,,,,,,,,,,,,,,,,,36.30450365,234.1142299
45.984,-212.5715446,105.7154077,1.262899103,17.24664272,2,,,,,,,,,,,,,,,,,36.32296366,234.6632582
46.016,-213.0977336,105.8827119,1.262982758,17.25457225,2,,,,,,,,,,,,,,,,,36.3426081,235.2123471
46.048,-213.6240535,106.0500008,1.263070766,17.25832575,2,,,,,,,,,,,,,,,,,36.36331671,235.7613904
46.08,-214.1504619,106.2172576,1.263163003,17.26065947,2,,,,,,,,,,,,,,,,,36.38506387,236.3103511
46.112,-214.6769596,106.3844793,1.263258652,17.2629837,2,,,,,,,,,,,,,,,,,36.40766005,236.8592586
46.144,-215.2035452,106.551663,1.263356563,17.26524655,2,,,,,,,,,,,,,,,,,36.43083584,237.4081565
46.176,-215.7302562,106.7188186,1.263455518,17.26871229,2,,,,,,,,,,,,,,,,,36.45430283,237.9571184
46.208,-216.2570296,106.8859248,1.263554452,17.27010542,2,,,,,,,,,,,,,,,,,36.47780801,238.506124
46.24,-216.7838739,107.0529838,1.263652707,17.27177139,2,,,,,,,,,,,,,,,,,36.50119343,239.0552051
46.272,-217.3107848,107.219994,1.263749459,17.27329305,2,,,,,,,,,,,,,,,,,36.52426066,239.6043947
46.304,-217.8378344,107.3869788,1.263843614,17.27718944,2,,,,,,,,,,,,,,,,,36.5467447,240.1538117
46.336,-218.3651197,107.5539702,1.263933825,17.28426791,2,,,,,,,,,,,,,,,,,36.56831826,240.7036074
46.368,-218.892734,107.7209993,1.264018938,17.29442886,2,,,,,,,,,,,,,,,,,36.58869843,241.2539131
46.4,-219.4206646,107.8880642,1.264098328,17.30418847,2,,,,,,,,,,,,,,,,,36.60772769,241.8047343
46.432,-219.9488456,108.055147,1.264172163,17.31182033,2,,,,,,,,,,,,,,,,,36.62544008,242.3559941
46.464,-220.4771776,108.2222197,1.264240929,17.31622203,2,,,,,,,,,,,,,,,,,36.64194768,242.9075762
46.496,-221.0056084,108.3892695,1.264304925,17.3189497,2,,,,,,,,,,,,,,,,,36.65731878,243.4594146
46.528,-221.5340676,108.5562783,1.264364024,17.3194102,2,,,,,,,,,,,,,,,,,36.67151817,244.0114487
46.56,-222.0625583,108.7232514,1.264417782,17.32001336,2,,,,,,,,,,,,,,,,,36.68443371,244.5636995
46.592,-222.5910818,108.890194,1.264465379,17.32070253,2,,,,,,,,,,,,,,,,,36.69585972,245.1162052
46.624,-223.1196887,109.057127,1.264505939,17.32309829,2,,,,,,,,,,,,,,,,,36.70557578,245.6690542
46.656,-223.6484448,109.2240764,1.264538605,17.32769895,2,,,,,,,,,,,,,,,,,36.71336416,246.2223427
46.688,-224.1773507,109.3910478,1.264562738,17.33236799,2,,,,,,,,,,,,,,,,,36.71905904,246.7760938
46.72,-224.7063739,109.5580366,1.264578447,17.33603183,2,,,,,,,,,,,,,,,,,36.7226789,247.3302757
46.752,-225.2355275,109.7250527,1.264585951,17.34016965,2,,,,,,,,,,,,,,,,,36.72426944,247.8848937
46.784,-225.7648062,109.8921003,1.264585349,17.34419618,2,,,,,,,,,,,,,,,,,36.72384727,248.4399409
46.816,-226.2942055,110.0591835,1.264576966,17.3481254,2,,,,,,,,,,,,,,,,,36.72148482,248.9954052
46.848,-226.8237541,110.2263171,1.264561028,17.35304725,2,,,,,,,,,,,,,,,,,36.7172312,249.5513154
46.88,-227.3535378,110.3935335,1.264537499,17.36083505,2,,,,,,,,,,,,,,,,,36.71106976,250.1077555
46.912,-227.883549,110.5608355,1.264506341,17.36841652,2,,,,,,,,,,,,,,,,,36.70298328,250.6647281
46.944,-228.4138634,110.7282525,1.264468064,17.37853648,2,,,,,,,,,,,,,,,,,36.69309224,251.2222686
46.976,-228.9442779,110.8957247,1.264423959,17.38203863,2,,,,,,,,,,,,,,,,,36.68171405,251.7801371
47.008,-229.4747941,111.0632573,1.264375426,17.38563418,2,,,,,,,,,,,,,,,,,36.66919613,252.3382846
47.04,-230.0054127,111.2308548,1.264322873,17.38929944,2,,,,,,,,,,,,,,,,,36.65563908,252.8966979
47.072,-230.536134,111.3985208,1.264266664,17.3930036,2,,,,,,,,,,,,,,,,,36.64113119,253.4553698
47.104,-231.0670114,111.5662758,1.264206911,17.39849551,2,,,,,,,,,,,,,,,,,36.6256983,254.0143488
47.136,-231.5980557,111.7341261,1.264143849,17.40436172,2,,,,,,,,,,,,,,,,,36.60939694,254.5736368
47.168,-232.1292631,111.902073,1.264077933,17.41013547,2,,,,,,,,,,,,,,,,,36.59233999,255.1332137
47.2,-232.6606306,112.0701177,1.264009685,17.41582474,2,,,,,,,,,,,,,,,,,36.57465809,255.6934334
47.232,-233.1960464,112.2395057,1.263932171,17.54910481,2,,,,,,,,,,,,,,,,,36.55458391,256.2578585
47.264,-233.7314268,112.4089169,1.263837264,17.5482714,2,,,,,,,,,,,,,,,,,36.52998896,256.8229028
47.296,-234.2668123,112.5783819,1.263750654,17.54892695,2,,,,,,,,,,,,,,,,,36.50747225,257.3876633
47.328,-234.8022211,112.7479066,1.263675633,17.55018391,2,,,,,,,,,,,,,,,,,36.48789647,257.9520397
47.36,-235.3376839,112.9174987,1.263610537,17.55242929,2,,,,,,,,,,,,,,,,,36.47084939,258.5161247
47.392,-235.8732221,113.087164,1.263552903,17.55536724,2,,,,,,,,,,,,,,,,,36.45570898,259.0800304
47.424,-236.4088495,113.2569059,1.263500715,17.55874727,2,,,,,,,,,,,,,,,,,36.44196342,259.6438517
47.456,-236.9446503,113.4267494,1.263452117,17.56487102,2,,,,,,,,,,,,,,,,,36.42913761,260.2077348
47.488,-237.4806089,113.5966879,1.263405763,17.5704711,2,,,,,,,,,,,,,,,,,36.41688474,260.7717168
47.52,-238.0167554,113.7667292,1.263361233,17.57703914,2,,,,,,,,,,,,,,,,,36.40509725,261.3358497
47.552,-238.5531761,113.9368994,1.263318238,17.58642239,2,,,,,,,,,,,,,,,,,36.39370178,261.9002049
47.584,-239.0896579,114.1071283,1.263277491,17.58879934,2,,,,,,,,,,,,,,,,,36.38288481,262.4645525
47.616,-239.6261972,114.2774124,1.263240268,17.59103026,2,,,,,,,,,,,,,,,,,36.37298402,263.0288344
47.648,-240.1627218,114.4477256,1.263207009,17.59086941,2,,,,,,,,,,,,,,,,,36.36411834,263.5929647
47.68,-240.6992277,114.6180636,1.263178103,17.59054793,2,,,,,,,,,,,,,,,,,36.35639382,264.1569239
47.712,-241.2357095,114.7884214,1.263153588,17.59001624,2,,,,,,,,,,,,,,,,,36.34982519,264.7207036
47.744,-241.7721591,114.9587923,1.263133454,17.58918455,2,,,,,,,,,,,,,,,,,36.3444131,265.2842992
47.776,-242.3086163,115.129185,1.263117586,17.58961422,2,,,,,,,,,,,,,,,,,36.34013079,265.8477506
47.808,-242.8450726,115.2995929,1.263105947,17.58972881,2,,,,,,,,,,,,,,,,,36.33697168,266.4110524
47.84,-243.3815511,115.4700192,1.263098723,17.59056895,2,,,,,,,,,,,,,,,,,36.33498885,266.9742374
47.872,-243.9182472,115.6405219,1.263095466,17.5977699,2,,,,,,,,,,,,,,,,,36.33406595,267.5375053
47.904,-244.4551468,115.8110919,1.263095717,17.60446793,2,,,,,,,,,,,,,,,,,36.33408198,268.1008573
47.936,-244.9922395,115.9817219,1.263100126,17.610785,2,,,,,,,,,,,,,,,,,36.33521392,268.6646343
47.968,-245.5334292,116.1536489,1.263094676,17.74508246,2,,,,,,,,,,,,,,,,,36.33369244,269.2326619
48,-246.0745165,116.32553,1.263083673,17.74159999,2,,,,,,,,,,,,,,,,,36.33065411,269.8007862
48.032,-246.6155484,116.4973834,1.26308866,17.73968392,2,,,,,,,,,,,,,,,,,36.33191599,270.3682681
48.064,-247.1565694,116.6692173,1.263110617,17.73917415,2,,,,,,,,,,,,,,,,,36.33776489,270.9351162
48.096,-247.6976131,116.8410377,1.26314615,17.73972317,2,,,,,,,,,,,,,,,,,36.34730457,271.501485
48.128,-248.2386794,117.012841,1.263191824,17.74023467,2,,,,,,,,,,,,,,,,,36.35961965,272.0675001
48.16,-248.7797863,117.1846295,1.263244613,17.74130449,2,,,,,,,,,,,,,,,,,36.37389964,272.6332891
48.192,-249.3209451,117.3564036,1.263301714,17.74271352,2,,,,,,,,,,,,,,,,,36.38938759,273.1989646
48.224,-249.8621612,117.5281627,1.263361151,17.74427847,2,,,,,,,,,,,,,,,,,36.40554824,273.7649897
48.256,-250.407452,117.7011816,1.263410004,17.87755719,2,,,,,,,,,,,,,,,,,36.41884134,274.3357543
48.288,-250.9577592,117.8757531,1.263429126,18.04165596,2,,,,,,,,,,,,,,,,,36.42398054,274.9128823
48.32,-251.5133175,118.05196,1.263422944,18.21352624,2,,,,,,,,,,,,,,,,,36.42214203,275.4958446
48.352,-252.0680175,118.2278476,1.263418605,18.18494125,2,,,,,,,,,,,,,,,,,36.42076039,276.077845
48.384,-252.6220175,118.4034829,1.263450292,18.1617001,2,,,,,,,,,,,,,,,,,36.42931007,276.6577945
48.416,-253.1754452,118.5789021,1.263514263,18.14261488,2,,,,,,,,,,,,,,,,,36.44681223,277.2359587
48.448,-253.7283898,118.7541302,1.263599159,18.12641898,2,,,,,,,,,,,,,,,,,36.4701649,277.8132649
48.48,-254.285318,118.9305829,1.263683092,18.25664854,2,,,,,,,,,,,,,,,,,36.49331052,278.3948681
48.512,-254.8472601,119.1085792,1.263738737,18.42058603,2,,,,,,,,,,,,,,,,,36.50861951,278.9827791
48.544,-255.4144648,119.2882059,1.263765691,18.5927532,2,,,,,,,,,,,,,,,,,36.51593847,279.5772617
48.576,-255.987029,119.4694982,1.263771889,18.76813753,2,,,,,,,,,,,,,,,,,36.51744313,280.1781243
48.608,-256.56501,119.6524773,1.263763769,18.94542938,2,,,,,,,,,,,,,,,,,36.51490655,280.7844997
48.64,-257.1413155,119.8348738,1.263762851,18.89001015,2,,,,,,,,,,,,,,,,,36.51433734,281.3888691
48.672,-257.7161783,120.016792,1.263810631,18.84252029,2,,,,,,,,,,,,,,,,,36.52747677,281.9899471
48.704,-258.2897741,120.1982827,1.26389799,18.80074594,2,,,,,,,,,,,,,,,,,36.55183168,282.588244
48.736,-258.8622146,120.3793775,1.264006383,18.7625921,2,,,,,,,,,,,,,,,,,36.58221818,283.1850187
48.768,-259.4384505,120.5616458,1.264108921,18.88673309,2,,,,,,,,,,,,,,,,,36.61104609,283.7860843
48.8,-260.0196131,120.7454399,1.264174247,19.04790002,2,,,,,,,,,,,,,,,,,36.62938438,284.3937024
48.832,-260.6059806,120.9308542,1.264199442,19.21825128,2,,,,,,,,,,,,,,,,,36.63634101,285.0075503
48.864,-261.190263,121.1155772,1.26419855,19.14960755,2,,,,,,,,,,,,,,,,,36.63584922,285.6201847
48.896,-261.7726181,121.2996844,1.264222619,19.0863831,2,,,,,,,,,,,,,,,,,36.6424941,286.2298873
48.928,-262.3531601,121.4832104,1.264269587,19.02688693,2,,,,,,,,,,,,,,,,,36.65572838,286.8368487
48.96,-262.9319539,121.666175,1.264326761,18.96951011,2,,,,,,,,,,,,,,,,,36.67194536,287.4416178
48.992,-263.5092092,121.8486465,1.264382206,18.91901946,2,,,,,,,,,,,,,,,,,36.6877273,288.0448341
49.024,-264.0849169,122.0306245,1.264427491,18.86826124,2,,,,,,,,,,,,,,,,,36.70064043,288.6467985
49.056,-264.6590513,122.2121043,1.26445835,18.81668416,2,,,,,,,,,,,,,,,,,36.70943582,289.2476681
49.088,-265.2318495,122.3931658,1.264472515,18.7729317,2,,,,,,,,,,,,,,,,,36.71343451,289.8477495
49.12,-265.8032559,122.5737965,1.264469505,18.72740135,2,,,,,,,,,,,,,,,,,36.7124717,290.4470038
49.152,-266.3732171,122.7539842,1.264451297,18.6801661,2,,,,,,,,,,,,,,,,,36.70709626,291.0453036
49.184,-266.941685,122.9337175,1.264420306,18.63139209,2,,,,,,,,,,,,,,,,,36.69798878,291.6430007
49.216,-267.5137431,123.1146104,1.264369752,18.74929352,2,,,,,,,,,,,,,,,,,36.68315082,292.2453044
49.248,-268.0905762,123.2970379,1.264280359,18.90603686,2,,,,,,,,,,,,,,,,,36.6569025,292.8540869
49.28,-268.6724978,123.4811096,1.264158868,19.07315052,2,,,,,,,,,,,,,,,,,36.6211596,293.4694105
49.312,-269.2596641,123.6668739,1.264016803,19.24537396,2,,,,,,,,,,,,,,,,,36.57924828,294.0910076
49.344,-269.8521809,123.854364,1.263865418,19.42105651,2,,,,,,,,,,,,,,,,,36.53444376,294.7185712
49.376,-270.4501302,124.0436065,1.263714962,19.59942965,2,,,,,,,,,,,,,,,,,36.48975259,295.3518086
49.408,-271.0535735,124.2346215,1.2635707,19.7798215,2,,,,,,,,,,,,,,,,,36.44673289,295.9898138
49.44,-271.6546487,124.4248568,1.263451761,19.70190339,2,,,,,,,,,,,,,,,,,36.41101331,296.6242678
49.472,-272.2518549,124.6138988,1.263433964,19.57538254,2,,,,,,,,,,,,,,,,,36.40523552,297.2510018
49.504,-272.8455688,124.8018529,1.263494117,19.46108479,2,,,,,,,,,,,,,,,,,36.42267006,297.8712489
49.536,-273.4360572,124.9887961,1.263596793,19.35546478,2,,,,,,,,,,,,,,,,,36.45288167,298.4871839
49.568,-274.0298505,125.1767995,1.263696643,19.46391282,2,,,,,,,,,,,,,,,,,36.48238616,299.1068294
49.6,-274.6284035,125.3663241,1.263750219,19.62005808,2,,,,,,,,,,,,,,,,,36.49815938,299.7332022
49.632,-275.2320582,125.5574892,1.263756124,19.78752286,2,,,,,,,,,,,,,,,,,36.49970603,300.3666956
49.664,-275.8409577,125.7503392,1.263720602,19.95966877,2,,,,,,,,,,,,,,,,,36.48881368,301.007226
49.696,-276.4551797,125.9449036,1.263655519,20.13441342,2,,,,,,,,,,,,,,,,,36.46898576,301.6544381
49.728,-277.0747818,126.1412036,1.263572973,20.31106889,2,,,,,,,,,,,,,,,,,36.44382277,302.3079466
49.76,-277.6998097,126.3392549,1.263483508,20.48923943,2,,,,,,,,,,,,,,,,,36.41648466,302.9674114
49.792,-278.3303033,126.5390689,1.26339489,20.66870429,2,,,,,,,,,,,,,,,,,36.38931226,303.6325885
49.824,-278.9662897,126.7406539,1.263310083,20.8490498,2,,,,,,,,,,,,,,,,,36.3632072,304.3033967
49.856,-279.607781,126.9440147,1.263228753,21.02980692,2,,,,,,,,,,,,,,,,,36.33807486,304.9798614
49.888,-280.2547962,127.1491555,1.263156094,21.21116542,2,,,,,,,,,,,,,,,,,36.31550664,305.6618117
49.92,-280.9073537,127.3560782,1.263096888,21.39309101,2,,,,,,,,,,,,,,,,,36.29697906,306.3490913
49.952,-281.5654684,127.5647825,1.263053909,21.5754582,2,,,,,,,,,,,,,,,,,36.28336631,307.0416131
49.984,-282.2291409,127.7752661,1.263030678,21.75782385,2,,,,,,,,,,,,,,,,,36.27578219,307.739248
50.016,-282.8983728,127.9875232,1.263026603,21.94017886,2,,,,,,,,,,,,,,,,,36.27407899,308.4420175
50.048,-283.5731642,128.2015472,1.263038691,22.122478,2,,,,,,,,,,,,,,,,,36.27736537,309.1500289
50.08,-284.253512,128.4173316,1.26306324,22.30462292,2,,,,,,,,,,,,,,,,,36.28452364,309.8634119
50.112,-284.9393997,128.6348687,1.263094157,22.48619983,2,,,,,,,,,,,,,,,,,36.29368706,310.5823706
50.144,-285.6308129,128.8541516,1.263127735,22.66728469,2,,,,,,,,,,,,,,,,,36.30371342,311.3070248
50.176,-286.3277396,129.0751748,1.26316198,22.84796411,2,,,,,,,,,,,,,,,,,36.31398598,312.0374345
50.208,-287.0301689,129.2979339,1.263195672,23.02827145,2,,,,,,,,,,,,,,,,,36.32412371,312.7736325
50.24,-287.7380905,129.5224245,1.26322785,23.20823368,2,,,,,,,,,,,,,,,,,36.33382407,313.515643
50.272,-288.4514952,129.7486427,1.263257711,23.38788314,2,,,,,,,,,,,,,,,,,36.34283098,314.2634857
50.304,-289.1703745,129.9765854,1.26328481,23.56725457,2,,,,,,,,,,,,,,,,,36.35099906,315.0171682
50.336,-289.8947213,130.2062502,1.263309045,23.7463839,2,,,,,,,,,,,,,,,,,36.35829039,315.7766866
50.368,-290.6245293,130.4376349,1.263330448,23.92531002,2,,,,,,,,,,,,,,,,,36.36470901,316.5420334
50.4,-291.3597936,130.6707377,1.263349174,24.10407265,2,,,,,,,,,,,,,,,,,36.37029703,317.3131981
50.432,-292.1005103,130.9055574,1.263365564,24.28270851,2,,,,,,,,,,,,,,,,,36.37515787,318.0901641
50.464,-292.8466765,131.1420932,1.263380033,24.46125145,2,,,,,,,,,,,,,,,,,36.37941812,318.8729136
50.496,-293.5982905,131.3803445,1.263392957,24.63973312,2,,,,,,,,,,,,,,,,,36.3831941,319.6614308
50.528,-294.3553512,131.6203108,1.263404709,24.81818145,2,,,,,,,,,,,,,,,,,36.38660159,320.4557012
50.56,-295.1178582,131.8619922,1.263415702,24.99661864,2,,,,,,,,,,,,,,,,,36.38977048,321.2557092
50.592,-295.8858119,132.1053886,1.263426261,25.17506337,2,,,,,,,,,,,,,,,,,36.39280414,322.0614434
50.624,-296.6592129,132.3505001,1.263436632,25.35353085,2,,,,,,,,,,,,,,,,,36.39578088,322.8728954
50.656,-297.4380622,132.597327,1.263447058,25.5320315,2,,,,,,,,,,,,,,,,,36.39877906,323.6900574
50.688,-298.2223612,132.8458696,1.263457718,25.71057228,2,,,,,,,,,,,,,,,,,36.40185648,324.5129243
50.72,-299.0121112,133.0961282,1.263468711,25.88915739,2,,,,,,,,,,,,,,,,,36.40504684,325.3414936
50.752,-299.8073137,133.3481032,1.263480107,26.06778853,2,,,,,,,,,,,,,,,,,36.40837287,326.1757645
50.784,-300.6079699,133.6017949,1.263491955,26.24646469,2,,,,,,,,,,,,,,,,,36.41185275,327.0149595
50.816,-301.4060881,133.8546356,1.263525358,26.16282275,2,,,,,,,,,,,,,,,,,36.42237402,327.8505473
50.848,-302.2000379,134.1061606,1.263671145,26.02623469,2,,,,,,,,,,,,,,,,,36.46988772,328.6776538
50.88,-302.9900762,134.3564147,1.263869381,25.89772165,2,,,,,,,,,,,,,,,,,36.5348918,329.4987249
50.912,-303.7763445,134.6054374,1.26406856,25.77379251,2,,,,,,,,,,,,,,,,,36.60049867,330.3158072
50.944,-304.5590979,134.8533088,1.264242093,25.65821294,2,,,,,,,,,,,,,,,,,36.65790571,331.1301244
50.976,-305.3383249,135.1000286,1.264375814,25.54228657,2,,,,,,,,,,,,,,,,,36.70234963,331.9428202
51.008,-306.1205504,135.3476749,1.264454458,25.64034783,2,,,,,,,,,,,,,,,,,36.72866783,332.7608295
51.04,-306.9072653,135.5967285,1.264465488,25.7873666,2,,,,,,,,,,,,,,,,,36.73255295,333.5860818
51.072,-307.6988991,135.8473217,1.264407828,25.94844045,2,,,,,,,,,,,,,,,,,36.71347511,334.4190468
51.104,-308.4956251,136.0995192,1.264299786,26.11529075,2,,,,,,,,,,,,,,,,,36.67740746,335.2592242
51.136,-309.2975471,136.3533668,1.264169106,26.2856616,2,,,,,,,,,,,,,,,,,36.63355702,336.104919
51.168,-310.0966597,136.606328,1.264057512,26.19359195,2,,,,,,,,,,,,,,,,,36.59591881,336.9467867
51.2,-310.8911347,136.8578324,1.264014208,26.0416742,2,,,,,,,,,,,,,,,,,36.58116709,337.7812278
51.232,-311.6805138,137.1077231,1.264037523,25.87463913,2,,,,,,,,,,,,,,,,,36.58889655,338.6078601
51.264,-312.4647245,137.3559661,1.264102413,25.70511753,2,,,,,,,,,,,,,,,,,36.6107635,339.4275734
51.296,-313.2441844,137.6026856,1.264183568,25.54921568,2,,,,,,,,,,,,,,,,,36.63825115,340.2417366
51.328,-314.0193223,137.8480132,1.264260041,25.4073206,2,,,,,,,,,,,,,,,,,36.6642517,341.0515185
51.36,-314.7900088,138.0919111,1.264320398,25.26121786,2,,,,,,,,,,,,,,,,,36.68484839,341.8572424
51.392,-315.5564745,138.3344593,1.264361525,25.12274037,2,,,,,,,,,,,,,,,,,36.69894082,342.6592475
51.424,-316.318739,138.5756685,1.264382539,24.98494169,2,,,,,,,,,,,,,,,,,36.70618363,343.4575881
51.456,-317.0768112,138.8155475,1.26438546,24.84749491,2,,,,,,,,,,,,,,,,,36.7072289,344.2522369
51.488,-317.8310716,139.054223,1.264373258,24.72257823,2,,,,,,,,,,,,,,,,,36.70306389,345.0434465
51.52,-318.5815053,139.2916933,1.264348093,24.59720039,2,,,,,,,,,,,,,,,,,36.69440303,345.8309976
51.552,-319.3267987,139.5275442,1.264316093,24.4287881,2,,,,,,,,,,,,,,,,,36.68334078,346.6133842
51.584,-320.0666546,139.7616855,1.264286234,24.25066061,2,,,,,,,,,,,,,,,,,36.6729828,347.3899847
51.616,-320.8010028,139.9940953,1.264260114,24.07024299,2,,,,,,,,,,,,,,,,,36.66389109,348.1606714
51.648,-321.5298248,140.2247666,1.264236346,23.88920416,2,,,,,,,,,,,,,,,,,36.65558983,348.9256946
51.68,-322.2553919,140.4544175,1.264207142,23.78261049,2,,,,,,,,,,,,,,,,,36.64536142,349.6875036
51.712,-322.9776746,140.6830371,1.26416581,23.6750294,2,,,,,,,,,,,,,,,,,36.63084721,350.4463354
51.744,-323.696865,140.9106877,1.264116994,23.57376406,2,,,,,,,,,,,,,,,,,36.61365204,351.2022024
51.776,-324.4129747,141.1373721,1.264064966,23.4728692,2,,,,,,,,,,,,,,,,,36.59526226,351.954988
51.808,-325.1263168,141.3631892,1.264013534,23.38223504,2,,,,,,,,,,,,,,,,,36.57701315,352.7048499
51.84,-325.8368916,141.5881376,1.263964258,23.29159888,2,,,,,,,,,,,,,,,,,36.55945668,353.4517366
51.872,-326.5447614,141.8122355,1.263919075,23.20298335,2,,,,,,,,,,,,,,,,,36.54328225,354.1956427
51.904,-327.2500003,142.0355044,1.263878776,23.1167848,2,,,,,,,,,,,,,,,,,36.52877867,354.936618
51.936,-327.9526922,142.2579701,1.263843655,23.03332517,2,,,,,,,,,,,,,,,,,36.51606099,355.6747583
51.968,-328.6531161,142.4797203,1.263813287,22.95900987,2,,,,,,,,,,,,,,,,,36.50498812,356.4103395
52,-329.3512121,142.7007352,1.263786387,22.882718,2,,,,,,,,,,,,,,,,,36.49511134,357.1433703
52.032,-330.0471718,142.921076,1.263763039,22.81271272,2,,,,,,,,,,,,,,,,,36.48646978,357.8740389
52.064,-330.7410841,143.1407718,1.263742193,22.74563251,2,,,,,,,,,,,,,,,,,36.47869457,358.6024778
52.096,-331.4330367,143.3598518,1.263723233,22.68143898,2,,,,,,,,,,,,,,,,,36.47157245,359.329326
52.128,-332.1285702,143.5800788,1.2636982,22.79894451,2,,,,,,,,,,,,,,,,,36.46224694,360.059621
52.16,-332.8221423,143.7996798,1.263651072,22.73460592,2,,,,,,,,,,,,,,,,,36.44491127,360.7886855
52.192,-333.5138891,144.0187162,1.263614837,22.67489535,2,,,,,,,,,,,,,,,,,36.43145792,361.5154503
52.224,-334.2039273,144.2372248,1.263592594,22.61901724,2,,,,,,,,,,,,,,,,,36.42303336,362.2399248
52.256,-334.8923691,144.4552413,1.263580514,22.56681081,2,,,,,,,,,,,,,,,,,36.41827786,362.9623723
52.288,-335.5793755,144.6728182,1.26357427,22.51990256,2,,,,,,,,,,,,,,,,,36.41564241,363.6831125
52.32,-336.2650238,144.8899812,1.263570126,22.47553738,2,,,,,,,,,,,,,,,,,36.41377942,364.4028456
52.352,-336.9543678,145.1083486,1.263559219,22.59700495,2,,,,,,,,,,,,,,,,,36.40947174,365.1262063
52.384,-337.6422238,145.3262439,1.263524077,22.54821668,2,,,,,,,,,,,,,,,,,36.39628328,365.8489074
52.416,-338.3286586,145.5437148,1.263496446,22.50187344,2,,,,,,,,,,,,,,,,,36.38582283,366.5698592
52.448,-339.0137673,145.7607916,1.263480259,22.45864808,2,,,,,,,,,,,,,,,,,36.37955013,367.2890159
52.48,-339.6976248,145.9774971,1.263471665,22.41786786,2,,,,,,,,,,,,,,,,,36.37607286,368.0066048
52.512,-340.380385,146.1938813,1.263466468,22.38214921,2,,,,,,,,,,,,,,,,,36.37386088,368.7229303
52.544,-341.0620877,146.4099572,1.263461412,22.34773543,2,,,,,,,,,,,,,,,,,36.37172008,369.4381523
52.576,-341.7427633,146.6257341,1.263454637,22.31431533,2,,,,,,,,,,,,,,,,,36.3689614,370.15237
52.608,-342.4224343,146.8412197,1.263445098,22.28163864,2,,,,,,,,,,,,,,,,,36.36519413,370.8656457
52.64,-343.1011218,147.0564224,1.263432791,22.24966836,2,,,,,,,,,,,,,,,,,36.36041305,371.5784577
52.672,-343.7835664,147.2728568,1.263408072,22.37322529,2,,,,,,,,,,,,,,,,,36.35103166,372.2957823
52.704,-344.4707995,147.4908699,1.263369874,22.53078095,2,,,,,,,,,,,,,,,,,36.33664354,373.0186681
52.736,-345.163168,147.7105515,1.263316516,22.69952131,2,,,,,,,,,,,,,,,,,36.31657116,373.7468196
52.768,-345.8537882,147.9296308,1.263234247,22.64174338,2,,,,,,,,,,,,,,,,,36.28555212,374.4742162
52.8,-346.5428326,148.1482389,1.263185101,22.59034872,2,,,,,,,,,,,,,,,,,36.26686724,375.1987712
52.832,-347.2304656,148.3664202,1.263177208,22.54427693,2,,,,,,,,,,,,,,,,,36.263637,375.920356
52.864,-347.9168098,148.5842055,1.263197322,22.50214513,2,,,,,,,,,,,,,,,,,36.2709548,376.6395945
52.896,-348.6021211,148.8016725,1.263232565,22.46836941,2,,,,,,,,,,,,,,,,,36.28401907,377.3572015
52.928,-349.2864258,149.0188261,1.263273093,22.43542667,2,,,,,,,,,,,,,,,,,36.29913759,378.073563
52.96,-349.9697553,149.2356728,1.26331273,22.40347672,2,,,,,,,,,,,,,,,,,36.3139793,378.7889353
52.992,-350.6521237,149.4522168,1.263347985,22.3719857,2,,,,,,,,,,,,,,,,,36.32721775,379.5034601
53.024,-351.3335322,149.66846,1.263377738,22.3405533,2,,,,,,,,,,,,,,,,,36.33841858,380.217635
53.056,-352.0187187,149.8859075,1.263387716,22.4644697,2,,,,,,,,,,,,,,,,,36.34213521,380.936602
53.088,-352.7087471,150.1049039,1.263362357,22.62333352,2,,,,,,,,,,,,,,,,,36.33239287,381.6613247
53.12,-353.3972572,150.3234025,1.263322471,22.57339907,2,,,,,,,,,,,,,,,,,36.31704479,382.3849974
53.152,-354.0843563,150.541461,1.26330798,22.52721226,2,,,,,,,,,,,,,,,,,36.31137441,383.1062711
53.184,-354.7701391,150.7591022,1.263319995,22.48405931,2,,,,,,,,,,,,,,,,,36.31585505,383.8251848
53.216,-355.4545098,150.9762892,1.263350212,22.43770665,2,,,,,,,,,,,,,,,,,36.32734637,384.5419497
53.248,-356.1374764,151.1930208,1.263391384,22.39158098,2,,,,,,,,,,,,,,,,,36.3430912,385.2568404
53.28,-356.8190773,151.4093051,1.263437278,22.3466698,2,,,,,,,,,,,,,,,,,36.36070412,385.9701219
53.312,-357.4993352,151.6251461,1.263483222,22.30247966,2,,,,,,,,,,,,,,,,,36.37838573,386.6819897
53.344,-358.1782833,151.8405534,1.263526687,22.25936596,2,,,,,,,,,,,,,,,,,36.39515579,387.392574
53.376,-358.8559889,152.055548,1.263566178,22.21845556,2,,,,,,,,,,,,,,,,,36.4104276,388.101993
53.408,-359.5324439,152.2701262,1.263601212,22.17726672,2,,,,,,,,,,,,,,,,,36.42400408,388.8102554
53.44,-360.2076405,152.4842842,1.263632111,22.13581299,2,,,,,,,,,,,,,,,,,36.43599991,389.5173417
53.472,-360.8815706,152.6980193,1.263659724,22.0940926,2,,,,,,,,,,,,,,,,,36.4467375,390.223208
53.504,-361.5541863,152.9113156,1.26368508,22.05079415,2,,,,,,,,,,,,,,,,,36.4566105,390.9277835
53.536,-362.2256175,153.124213,1.26370878,22.01174157,2,,,,,,,,,,,,,,,,,36.46584886,391.6311723
53.568,-362.895897,153.3367204,1.263730773,21.97374971,2,,,,,,,,,,,,,,,,,36.47442721,392.3334074
53.6,-363.5650207,153.548836,1.263751618,21.93562026,2,,,,,,,,,,,,,,,,,36.48256131,393.0344658
53.632,-364.2330086,153.7605652,1.26377215,21.89813674,2,,,,,,,,,,,,,,,,,36.49057666,393.7348042
53.664,-364.9047438,153.9734567,1.263782753,22.02074721,2,,,,,,,,,,,,,,,,,36.49468026,394.4395384
53.696,-365.5813806,154.1878689,1.263761096,22.18112344,2,,,,,,,,,,,,,,,,,36.48602141,395.149974
53.728,-366.2565081,154.4017687,1.26372653,22.13131988,2,,,,,,,,,,,,,,,,,36.47219077,395.8593065
53.76,-366.9302649,154.6152134,1.263719327,22.08618876,2,,,,,,,,,,,,,,,,,36.46914075,396.5661786
53.792,-367.6025368,154.8281615,1.263739759,22.03726581,2,,,,,,,,,,,,,,,,,36.47703323,397.2704816
53.824,-368.2734337,155.0406462,1.263780352,21.99192832,2,,,,,,,,,,,,,,,,,36.49295031,397.9725976
53.856,-368.9430005,155.2526796,1.263832672,21.94804561,2,,,,,,,,,,,,,,,,,36.5135707,398.6728841
53.888,-369.6113038,155.4642813,1.263889244,21.90633075,2,,,,,,,,,,,,,,,,,36.53593283,399.3716927
53.92,-370.2784899,155.6754983,1.263944397,21.86941736,2,,,,,,,,,,,,,,,,,36.55777687,400.0693747
53.952,-370.9445871,155.8863427,1.263994578,21.83346204,2,,,,,,,,,,,,,,,,,36.57767936,400.766102
53.984,-371.609734,156.0968614,1.264037939,21.80208089,2,,,,,,,,,,,,,,,,,36.59489115,401.4620694
54.016,-372.2738654,156.307036,1.264073451,21.76857627,2,,,,,,,,,,,,,,,,,36.60898568,402.1572544
54.048,-372.9369855,156.5168711,1.264101454,21.7352473,2,,,,,,,,,,,,,,,,,36.62008696,402.8516502
54.08,-373.5990957,156.726371,1.264122595,21.70199694,2,,,,,,,,,,,,,,,,,36.62844337,403.5452442
54.112,-374.2602899,156.9355683,1.264137283,21.67185507,2,,,,,,,,,,,,,,,,,36.63420955,404.2381211
54.144,-374.9206644,157.1444958,1.264145451,21.64488632,2,,,,,,,,,,,,,,,,,36.63734601,404.9303663
54.176,-375.5801194,157.3531242,1.264147748,21.61467173,2,,,,,,,,,,,,,,,,,36.63810559,405.6218619
54.208,-376.2386548,157.5614567,1.264145717,21.58448283,2,,,,,,,,,,,,,,,,,36.63710561,406.3125516
54.24,-376.8962729,157.7694961,1.264140179,21.55439295,2,,,,,,,,,,,,,,,,,36.63467274,407.0024087
54.272,-377.5529786,157.9772456,1.264131585,21.52447183,2,,,,,,,,,,,,,,,,,36.63098601,407.6918731
54.304,-378.2134912,158.1862037,1.26411163,21.64929365,2,,,,,,,,,,,,,,,,,36.62265111,408.3852756
54.336,-378.8728734,158.3947985,1.264070091,21.61218957,2,,,,,,,,,,,,,,,,,36.60545569,409.0782956
54.368,-379.5311905,158.603065,1.264036757,21.57735575,2,,,,,,,,,,,,,,,,,36.59157251,409.7695901
54.4,-380.1852246,158.8099823,1.264023541,21.43702962,2,,,,,,,,,,,,,,,,,36.58590727,410.4555818
54.432,-380.8342089,159.0153122,1.264042136,21.27161612,2,,,,,,,,,,,,,,,,,36.59331229,411.1350888
54.464,-381.4779231,159.2189845,1.264086295,21.09897282,2,,,,,,,,,,,,,,,,,36.61127954,411.8081206
54.496,-382.116269,159.4209668,1.264143652,20.92309805,2,,,,,,,,,,,,,,,,,36.63475879,412.4755369
54.528,-382.7544714,159.6229131,1.264178428,20.91847949,2,,,,,,,,,,,,,,,,,36.64899616,413.1436223
54.56,-383.3923812,159.8247768,1.264171547,20.90897716,2,,,,,,,,,,,,,,,,,36.64605347,413.8129292
54.592,-384.0298786,160.0265283,1.264132246,20.89563624,2,,,,,,,,,,,,,,,,,36.629684,414.482997
54.624,-384.6668841,160.2281474,1.264072522,20.87973186,2,,,,,,,,,,,,,,,,,36.60480645,415.1533026
54.656,-385.3033439,160.4296201,1.264002158,20.86209262,2,,,,,,,,,,,,,,,,,36.57545071,415.8234313
54.688,-385.9392291,160.6309395,1.263928683,20.8435296,2,,,,,,,,,,,,,,,,,36.54473237,416.4930852
54.72,-386.5746143,160.8321287,1.263856922,20.82740471,2,,,,,,,,,,,,,,,,,36.51465835,417.1621496
54.752,-387.2094191,161.0331602,1.263789439,20.80862772,2,,,,,,,,,,,,,,,,,36.48630016,417.8304557
54.784,-387.8436665,161.2340395,1.263728213,20.79058237,2,,,,,,,,,,,,,,,,,36.46049364,418.4979483
54.816,-388.4773106,161.4347507,1.263674167,20.77102529,2,,,,,,,,,,,,,,,,,36.43763721,419.1645539
54.848,-389.1103922,161.6353054,1.263627683,20.75278775,2,,,,,,,,,,,,,,,,,36.41790375,419.8303201
54.88,-389.7431484,161.8357768,1.263587698,20.74231,2,,,,,,,,,,,,,,,,,36.40085979,420.4955152
54.912,-390.3756152,162.0361748,1.263552604,20.73299387,2,,,,,,,,,,,,,,,,,36.3858402,421.1602375
54.944,-391.0078442,162.2365155,1.263521982,20.72536946,2,,,,,,,,,,,,,,,,,36.37267719,421.8245701
54.976,-391.6400276,162.4368592,1.263495086,20.72403751,2,,,,,,,,,,,,,,,,,36.36106394,422.488726
55.008,-392.2721948,162.6372145,1.263470954,20.72366808,2,,,,,,,,,,,,,,,,,36.35060086,423.1527715
55.04,-392.9043754,162.8375905,1.263449514,20.72425912,2,,,,,,,,,,,,,,,,,36.34126156,423.8171279
55.072,-393.5405923,163.0392781,1.263423881,20.85688609,2,,,,,,,,,,,,,,,,,36.33014378,424.4854512
55.104,-394.1764706,163.2408556,1.263384408,20.84575499,2,,,,,,,,,,,,,,,,,36.31310571,425.1539163
55.136,-394.8118727,163.4423,1.263357625,20.83031587,2,,,,,,,,,,,,,,,,,36.30143495,425.821431
55.168,-395.4468784,163.6436354,1.263346872,20.81747977,2,,,,,,,,,,,,,,,,,36.29658036,426.4879548
55.2,-396.0815493,163.8448789,1.263347991,20.80663529,2,,,,,,,,,,,,,,,,,36.29679542,427.1537065
55.232,-396.7159734,164.0460571,1.263356293,20.79866822,2,,,,,,,,,,,,,,,,,36.30009745,427.8189685
55.264,-397.3504395,164.2472606,1.263367196,20.80015916,2,,,,,,,,,,,,,,,,,36.30453588,428.4841803
55.296,-397.9849212,164.4484796,1.263377292,20.80077005,2,,,,,,,,,,,,,,,,,36.30865236,429.1494416
55.328,-398.6194239,164.6497156,1.263385728,20.80155523,2,,,,,,,,,,,,,,,,,36.31207939,429.8147852
55.36,-399.2539128,164.8509577,1.263392567,20.80120134,2,,,,,,,,,,,,,,,,,36.3148399,430.480175
55.392,-399.8883799,165.052203,1.263398215,20.8005827,2,,,,,,,,,,,,,,,,,36.3171057,431.1455713
55.424,-400.5226512,165.2533953,1.2634034,20.79424948,2,,,,,,,,,,,,,,,,,36.31918773,431.8107818
55.456,-401.1567279,165.454534,1.263408939,20.78794567,2,,,,,,,,,,,,,,,,,36.321438,432.4757771
55.488,-401.7906079,165.6556175,1.263414833,20.78156453,2,,,,,,,,,,,,,,,,,36.32385572,433.1405543
55.52,-402.4242868,165.8566428,1.263420995,20.77502745,2,,,,,,,,,,,,,,,,,36.32640318,433.805138
55.552,-403.0580352,166.0576941,1.263426579,20.7773419,2,,,,,,,,,,,,,,,,,36.32871156,434.470199
55.584,-403.6958362,166.2600345,1.263417803,20.91023815,2,,,,,,,,,,,,,,,,,36.3247822,435.1401254
55.616,-404.3385714,166.4639557,1.263384354,21.07215716,2,,,,,,,,,,,,,,,,,36.31010317,435.8161582
55.648,-404.9865213,166.6695383,1.263328134,21.24319161,2,,,,,,,,,,,,,,,,,36.28544662,436.4978965
55.68,-405.6335754,166.8748063,1.263275782,21.21352718,2,,,,,,,,,,,,,,,,,36.26237563,437.1785676
55.712,-406.2798894,167.07984,1.263263148,21.18926691,2,,,,,,,,,,,,,,,,,36.25662247,437.8570245
55.744,-406.9255968,167.284675,1.263287595,21.16931721,2,,,,,,,,,,,,,,,,,36.2671056,438.5334984
55.776,-407.5707941,167.4893351,1.263336702,21.15247139,2,,,,,,,,,,,,,,,,,36.28843878,439.2089636
55.808,-408.2199708,167.6952417,1.263384797,21.28278771,2,,,,,,,,,,,,,,,,,36.30937728,439.8881772
55.84,-408.8683923,167.900883,1.263423101,21.25778178,2,,,,,,,,,,,,,,,,,36.3260437,440.5669574
55.872,-409.5161354,168.1062923,1.263472805,21.2353855,2,,,,,,,,,,,,,,,,,36.34777587,441.2446082
55.904,-410.1632564,168.3114847,1.263531875,21.2148053,2,,,,,,,,,,,,,,,,,36.37369518,441.9212595
55.936,-410.8097852,168.5164686,1.263594277,21.19519495,2,,,,,,,,,,,,,,,,,36.40114945,442.5966192
55.968,-411.4503168,168.7194564,1.262877669,20.99783754,2,,,,,,,,,,,,,,,,,36.08332713,443.2871315
56,-412.0514927,168.897619,1.256712531,19.59713911,2,,,,,,,,,,,,,,,,,33.33378168,444.1308302
56.032,-412.6581071,169.0816414,1.252996576,19.81200571,2,,,,,,,,,,,,,,,,,31.66865077,444.8876338
56.064,-413.2701594,169.2708224,1.251487706,20.02153677,2,,,,,,,,,,,,,,,,,30.98491545,445.5774547
56.096,-413.8887339,169.4656473,1.25221137,20.26788424,2,,,,,,,,,,,,,,,,,31.29858092,446.2045047
56.128,-414.5134942,169.6644697,1.254836215,20.48935855,2,,,,,,,,,,,,,,,,,32.46437506,446.775759
56.16,-415.1384657,169.862736,1.25735647,20.4898431,2,,,,,,,,,,,,,,,,,33.58601157,447.3475395
56.192,-415.7636182,170.0604791,1.259404371,20.49006395,2,,,,,,,,,,,,,,,,,34.4986356,447.9329916
56.224,-416.3888978,170.2578411,1.260959182,20.4902614,2,,,,,,,,,,,,,,,,,35.19226501,448.5341398
56.256,-417.0143308,170.4550011,1.262097998,20.49307618,2,,,,,,,,,,,,,,,,,35.70079346,449.1454857
56.288,-417.6234045,170.6395169,1.264215765,19.88813073,2,,,,,,,,,,,,,,,,,36.64387261,449.7006038
56.32,-418.2148079,170.8099284,1.267153247,19.23502933,2,,,,,,,,,,,,,,,,,37.95033594,450.2039
56.352,-418.801864,170.9738267,1.270831474,19.05533261,2,,,,,,,,,,,,,,,,,39.58896009,450.6695201
56.384,-419.3933264,171.1362309,1.272543789,19.17975896,2,,,,,,,,,,,,,,,,,40.34194064,451.2136547
56.416,-419.988217,171.2978762,1.274271255,19.27813248,2,,,,,,,,,,,,,,,,,41.10201844,451.7596669
56.448,-420.5866886,171.4611674,1.276771145,19.39919664,2,,,,,,,,,,,,,,,,,42.21396159,452.2758254
56.48,-421.188774,171.6265283,1.279966496,19.52380282,2,,,,,,,,,,,,,,,,,43.64454071,452.7629983
56.512,-421.7944626,171.7941815,1.28381876,19.64946502,2,,,,,,,,,,,,,,,,,45.37754386,453.2199061
56.544,-422.4036593,171.9641049,1.288301375,19.77179171,2,,,,,,,,,,,,,,,,,47.40184879,453.6432873
56.576,-423.0138989,172.1328019,1.294341364,19.79483953,2,,,,,,,,,,,,,,,,,50.13641255,453.9804872
56.608,-423.6267257,172.3001963,1.300129147,19.86333149,2,,,,,,,,,,,,,,,,,52.7602797,454.3171568
56.64,-424.2425256,172.4680022,1.305454115,19.95492563,2,,,,,,,,,,,,,,,,,55.17895179,454.6676671
56.672,-424.8611465,172.6377299,1.311076246,20.05330625,2,,,,,,,,,,,,,,,,,57.73918488,454.9913636
56.704,-425.4826785,172.8096513,1.31699224,20.15669339,2,,,,,,,,,,,,,,,,,60.43997803,455.2862391
56.736,-426.1072373,172.9840223,1.323066176,20.26631329,2,,,,,,,,,,,,,,,,,63.21986299,455.558588
56.768,-426.7348899,173.1609637,1.329116815,20.37967971,2,,,,,,,,,,,,,,,,,65.99642777,455.8190961
56.8,-427.3657631,173.3405953,1.334946434,20.49861761,2,,,,,,,,,,,,,,,,,68.67953549,456.0815721
56.832,-427.99984,173.5227407,1.340655967,20.61624983,2,,,,,,,,,,,,,,,,,71.31487252,456.3403724
56.864,-428.637291,173.7069123,1.345777574,20.73536964,2,,,,,,,,,,,,,,,,,73.6882053,456.6311293
56.896,-429.2782363,173.8930181,1.350088664,20.85781324,2,,,,,,,,,,,,,,,,,75.69718891,456.9749516
56.928,-429.9228632,174.0808739,1.353306302,20.98471759,2,,,,,,,,,,,,,,,,,77.21137529,457.3987165
56.96,-430.5714037,174.2701649,1.355100365,21.11619735,2,,,,,,,,,,,,,,,,,78.07787864,457.933521
56.992,-431.2240338,174.4611774,1.355432424,21.25567976,2,,,,,,,,,,,,,,,,,78.27705278,458.5862594
57.024,-431.8813047,174.6539622,1.354265829,21.41202383,2,,,,,,,,,,,,,,,,,77.7891364,459.3611695
57.056,-432.5435008,174.8483463,1.351393225,21.57526183,2,,,,,,,,,,,,,,,,,76.5149737,460.2722062
57.088,-433.2109283,175.0441124,1.346588937,21.74563745,2,,,,,,,,,,,,,,,,,74.34549849,461.3302702
57.12,-433.8838118,175.2426298,1.340588929,21.93451646,2,,,,,,,,,,,,,,,,,71.61619835,462.4707405
57.152,-434.5636061,175.4460218,1.333524136,22.18494812,2,,,,,,,,,,,,,,,,,68.38541254,463.6762638
57.184,-435.2505302,175.6543487,1.3255431,22.44247876,2,,,,,,,,,,,,,,,,,64.71835403,464.9273892
57.216,-435.9456178,175.8690404,1.316822466,22.74352422,2,,,,,,,,,,,,,,,,,60.69510027,466.2043151
57.248,-436.6488885,176.0904121,1.307759149,23.04852718,2,,,,,,,,,,,,,,,,,56.49870877,467.4756073
57.28,-437.3596885,176.3185727,1.298229624,23.33509534,2,,,,,,,,,,,,,,,,,52.07034281,468.742784
57.312,-438.078246,176.5538807,1.288569193,23.63297714,2,,,,,,,,,,,,,,,,,47.56622171,469.9836905
57.344,-438.8039781,176.7960604,1.279133513,23.91172079,2,,,,,,,,,,,,,,,,,43.15346174,471.1804776
57.376,-439.5369716,177.0451301,1.269991626,24.19431814,2,,,,,,,,,,,,,,,,,38.86560292,472.3333786
57.408,-440.277226,177.3010621,1.261152169,24.47762519,2,,,,,,,,,,,,,,,,,34.70782866,473.4449529
57.44,-441.0230817,177.5612054,1.253807893,24.6854269,2,,,,,,,,,,,,,,,,,31.2450904,474.4779751
57.472,-441.7707265,177.8190547,1.249336405,24.71462201,2,,,,,,,,,,,,,,,,,29.13194314,475.404931
57.504,-442.5215861,178.077149,1.247231019,24.81202924,2,,,,,,,,,,,,,,,,,28.13710632,476.2586082
57.536,-443.2741605,178.331861,1.244030107,24.82847339,2,,,,,,,,,,,,,,,,,26.6124331,477.1404423
57.568,-444.0287341,178.5832289,1.239821067,24.85440404,2,,,,,,,,,,,,,,,,,24.59675435,478.0435525
57.6,-444.7851665,178.8315705,1.234846924,24.87992192,2,,,,,,,,,,,,,,,,,22.20409343,478.9556629
57.632,-445.5429739,179.0753406,1.228787501,24.87663734,2,,,,,,,,,,,,,,,,,19.2774933,479.8785394
57.664,-446.3045888,179.3192853,1.220696221,24.99164336,2,,,,,,,,,,,,,,,,,15.36265412,480.8197761
57.696,-447.0687126,179.5632962,1.210971178,25.06692078,2,,,,,,,,,,,,,,,,,10.64615031,481.75029
57.728,-447.8346282,179.8087689,1.199727145,25.13414834,2,,,,,,,,,,,,,,,,,5.180782737,482.6447964
57.76,-448.6004883,180.0538947,1.185784232,25.12916847,2,,,,,,,,,,,,,,,,,-1.608190927,483.4758929
57.792,-449.3668576,180.3009793,1.171180483,25.1631055,2,,,,,,,,,,,,,,,,,-8.737524343,484.2070386
57.824,-450.1334543,180.5499183,1.156062428,25.18780436,2,,,,,,,,,,,,,,,,,-16.13611385,484.8256538
57.856,-450.9001241,180.8004811,1.140395347,25.20609889,2,,,,,,,,,,,,,,,,,-23.82021474,485.3191069
57.888,-451.6672565,181.0531164,1.124760993,25.24056491,2,,,,,,,,,,,,,,,,,-31.5060133,485.6926567
57.92,-452.4345042,181.3071591,1.108897842,25.25833845,2,,,,,,,,,,,,,,,,,-39.31910524,485.9352054
57.952,-453.200197,181.5605854,1.09192459,25.2069129,2,,,,,,,,,,,,,,,,,-47.68692419,485.9984719
57.984,-453.9643381,181.8149118,1.075337095,25.17031604,2,,,,,,,,,,,,,,,,,-55.87910406,485.9385439
58.016,-454.7273256,182.0713153,1.059841694,25.1568206,2,,,,,,,,,,,,,,,,,-63.54947165,485.8087828
58.048,-455.4875267,182.3277077,1.044290743,25.07432516,2,,,,,,,,,,,,,,,,,-71.25466616,485.5514763
58.08,-456.2446699,182.5842686,1.028951386,24.9855603,2,,,,,,,,,,,,,,,,,-78.86272223,485.188143
58.112,-457.0005624,182.8453734,1.016155447,24.99400774,2,,,,,,,,,,,,,,,,,-85.23893095,484.9248021
58.144,-457.7555201,183.1112794,1.005615943,25.01495694,2,,,,,,,,,,,,,,,,,-90.52326888,484.7844678
58.176,-458.5096856,183.3820568,0.997109911,25.04183021,2,,,,,,,,,,,,,,,,,-94.824185,484.7819685
58.208,-459.2630551,183.6577907,0.990590917,25.07064376,2,,,,,,,,,,,,,,,,,-98.16384696,484.9391353
58.24,-460.0157923,183.9387695,0.98621214,25.10858159,2,,,,,,,,,,,,,,,,,-100.4667451,485.2914513
58.272,-460.7680034,184.2251383,0.984102763,25.15245375,2,,,,,,,,,,,,,,,,,-101.6678012,485.8670545
58.304,-461.5197637,184.5171812,0.984524547,25.20295557,2,,,,,,,,,,,,,,,,,-101.6355732,486.7008633
58.336,-462.2711272,184.815142,0.987736102,25.25908111,2,,,,,,,,,,,,,,,,,-100.237469,487.8185968
58.368,-463.0221795,185.1191996,0.993937625,25.32109008,2,,,,,,,,,,,,,,,,,-97.36614464,489.2280773
58.4,-463.773008,185.4296121,1.00336665,25.39000913,2,,,,,,,,,,,,,,,,,-92.89231611,490.9254832
58.432,-464.5236736,185.7466364,1.016254279,25.46515271,2,,,,,,,,,,,,,,,,,-86.68585809,492.8870716
58.464,-465.2742579,186.070443,1.032752752,25.54617884,2,,,,,,,,,,,,,,,,,-78.6519435,495.0591965
58.496,-466.0284018,186.4004042,1.050426836,25.72509768,2,,,,,,,,,,,,,,,,,-69.98206021,497.1883875
58.528,-466.787453,186.7366213,1.068902943,25.94442335,2,,,,,,,,,,,,,,,,,-60.85803756,499.2212604
58.56,-467.5534443,187.0790948,1.08742269,26.22222658,2,,,,,,,,,,,,,,,,,-51.65850143,501.0976142
58.592,-468.3265162,187.4282549,1.106470022,26.50974858,2,,,,,,,,,,,,,,,,,-42.14223132,502.8354902
58.624,-469.1067597,187.7845183,1.126444889,26.80554568,2,,,,,,,,,,,,,,,,,-32.1073454,504.4307923
58.656,-469.8942522,188.1468872,1.148506573,27.09089692,2,,,,,,,,,,,,,,,,,-20.96749666,505.8751586
58.688,-470.6885139,188.5073566,1.169657118,27.25825333,2,,,,,,,,,,,,,,,,,-10.24547288,507.0686314
58.72,-471.4899635,188.863139,1.188098828,27.40291662,2,,,,,,,,,,,,,,,,,-0.864844995,508.0396585
58.752,-472.2982257,189.2136363,1.203429255,27.53118665,2,,,,,,,,,,,,,,,,,6.958225431,508.8657354
58.784,-473.1127008,189.5565777,1.215641912,27.61671879,2,,,,,,,,,,,,,,,,,13.20896829,509.6193981
58.816,-473.93168,189.8926082,1.224991491,27.66367185,2,,,,,,,,,,,,,,,,,18.01049823,510.3530048
58.848,-474.7524771,190.2225195,1.23197159,27.6443199,2,,,,,,,,,,,,,,,,,21.60990343,511.0946405
58.88,-475.5747962,190.5469,1.236667848,27.62458552,2,,,,,,,,,,,,,,,,,24.04614713,511.8680831
58.912,-476.3989155,190.8675588,1.23977667,27.63457291,2,,,,,,,,,,,,,,,,,25.672414,512.6726915
58.944,-477.2256982,191.1857046,1.241895307,27.6838805,2,,,,,,,,,,,,,,,,,26.79234288,513.5006794
58.976,-478.0544808,191.5005653,1.242788777,27.70561567,2,,,,,,,,,,,,,,,,,27.28211471,514.3612692
59.008,-478.8841271,191.8122209,1.242841239,27.69548256,2,,,,,,,,,,,,,,,,,27.33690352,515.2446435
59.04,-479.7145681,192.1207919,1.242516732,27.68500973,2,,,,,,,,,,,,,,,,,27.19407983,516.1379182
59.072,-480.545709,192.4254983,1.242769073,27.66371077,2,,,,,,,,,,,,,,,,,27.34498281,517.014598
59.104,-481.3775204,192.7259765,1.243984306,27.63821012,2,,,,,,,,,,,,,,,,,27.99067953,517.8634478
59.136,-482.2100105,193.021977,1.246218076,27.61096135,2,,,,,,,,,,,,,,,,,29.16224057,518.680897
59.168,-483.0432263,193.3131891,1.249229497,27.5825845,2,,,,,,,,,,,,,,,,,30.736737,519.470856
59.2,-483.8772333,193.5993918,1.252733019,27.55470714,2,,,,,,,,,,,,,,,,,32.56723572,520.2391266
59.232,-484.7120771,193.8805347,1.256567369,27.52855809,2,,,,,,,,,,,,,,,,,34.57077377,520.9886669
59.264,-485.5477944,194.1565016,1.26055085,27.50326823,2,,,,,,,,,,,,,,,,,36.6531564,521.7242391
59.296,-486.3844249,194.4272056,1.264507294,27.47927989,2,,,,,,,,,,,,,,,,,38.72255197,522.4518645
59.328,-487.2210859,194.6926966,1.268325116,27.4304639,2,,,,,,,,,,,,,,,,,40.72080162,523.175437
59.36,-488.0558567,194.9528773,1.271880206,27.32432994,2,,,,,,,,,,,,,,,,,42.58301675,523.8992672
59.392,-488.8875245,195.2076651,1.27526616,27.18192146,2,,,,,,,,,,,,,,,,,44.35793555,524.6195204
59.424,-489.7153324,195.4571149,1.278659232,27.01801158,2,,,,,,,,,,,,,,,,,46.1379745,525.3282328
59.456,-490.5388055,195.7012727,1.282186601,26.84086389,2,,,,,,,,,,,,,,,,,47.9901451,526.0187936
59.488,-491.3576983,195.9401328,1.285897729,26.65682701,2,,,,,,,,,,,,,,,,,49.94075417,526.6877592
59.52,-492.1719849,196.1737179,1.289789812,26.4727463,2,,,,,,,,,,,,,,,,,51.98863079,527.3342125
59.552,-492.9816506,196.4021175,1.293867375,26.28951054,2,,,,,,,,,,,,,,,,,54.13650549,527.9568152
59.584,-493.7867119,196.6254162,1.298125613,26.10799632,2,,,,,,,,,,,,,,,,,56.38215598,528.5547083
59.616,-494.5871649,196.8437616,1.302594371,25.92808631,2,,,,,,,,,,,,,,,,,58.74172609,529.1249426
59.648,-495.3829924,197.0572459,1.307292791,25.7488806,2,,,,,,,,,,,,,,,,,61.22568464,529.6648618
59.68,-496.1741685,197.2659526,1.312206023,25.57002863,2,,,,,,,,,,,,,,,,,63.82648403,530.1737006
59.712,-496.960655,197.4699508,1.317298126,25.39101026,2,,,,,,,,,,,,,,,,,66.52531257,530.6521246
59.744,-497.7424031,197.6691607,1.322583378,25.21033986,2,,,,,,,,,,,,,,,,,69.32978746,531.0976269
59.776,-498.5193751,197.8635034,1.328047434,25.02839476,2,,,,,,,,,,,,,,,,,72.23230678,531.5095696
59.808,-499.2915327,198.0529114,1.333661248,24.84528049,2,,,,,,,,,,,,,,,,,75.21740638,531.8885359
59.84,-500.0588357,198.237322,1.33937039,24.66100987,2,,,,,,,,,,,,,,,,,78.25604514,532.2374154
59.872,-500.8252798,198.4167237,1.345833583,24.59878021,2,,,,,,,,,,,,,,,,,81.69798445,532.5054077
59.904,-501.5916047,198.5910465,1.352929229,24.5594708,2,,,,,,,,,,,,,,,,,85.47865272,532.6958704
59.936,-502.3578772,198.7601876,1.360353277,24.52247563,2,,,,,,,,,,,,,,,,,89.4360894,532.8291217
59.968,-503.1241726,198.9247779,1.367296056,24.49292915,2,,,,,,,,,,,,,,,,,93.13930715,532.9772481
60,-503.8905423,199.0857519,1.372761313,24.47173243,2,,,,,,,,,,,,,,,,,96.05763149,494.042036
