,X-Coord,Y-Coord,Bearing,Speed,Current State
30.048000000000002,29.141777178449463,25.423964604050852,1.2502422484666098,0.11680903138770667,0.0
30.080000000000002,29.134406016879886,25.425996910898544,1.2503028063843595,0.23942689107406215,0.0
30.112000000000002,29.12331406741253,25.429180965655835,1.2503299497156093,0.3611247853794264,0.0
30.144000000000002,29.10849379292897,25.433539511412153,1.2503270351893667,0.48318702232552063,0.0
30.176000000000002,29.089906714157262,25.439102100883538,1.2502997998501053,0.606644961800247,0.0
30.208000000000002,29.067490833244264,25.4459051294712,1.2502541182710407,0.7322933684578777,0.0
30.240000000000002,29.04116695679791,25.453989935001253,1.2501956043570785,0.8607078354339696,0.0
30.272000000000002,29.01084443520203,25.463400638739575,1.2501294440649093,0.9922631376526232,0.0
30.304000000000002,28.976426278503187,25.47418212799395,1.2500602440144943,1.127156439304394,0.0
30.336000000000002,28.937813542093632,25.486378326425854,1.2499919037825713,1.2654344602031526,0.0
30.368000000000002,28.89490891613851,25.500030811197426,1.2499275360447395,1.4070224128446,0.0
30.400000000000002,28.847620591545713,25.515177583430223,1.2498687408342797,1.551718459784295,0.0
30.432000000000002,28.79586315529187,25.531852503280128,1.249816948304452,1.6992891484198958,0.0
30.464000000000002,28.7395604687634,25.550084802628913,1.2497723637307332,1.8494113996493675,0.0
30.496000000000002,28.678644129324276,25.56989908774203,1.2497355565250732,2.0018086107901443,0.0
30.528000000000002,28.61305302721754,25.591315789696317,1.2497071787730059,2.156222242249393,0.0
30.560000000000002,28.542733723948672,25.61435148373786,1.2496874102079072,2.3123860476475757,0.0
30.592000000000002,28.46764044827614,25.6390191459243,1.2496759676695737,2.470036715118034,0.0
30.624000000000002,28.387734790782396,25.66532846365052,1.249672241055595,2.6289232274592504,0.0
30.656000000000002,28.302986235749795,25.693286049444502,1.2496749347551024,2.7887809813988196,0.0
30.688000000000002,28.21337097424575,25.722895779213385,1.249682833157894,2.9493839651239773,0.0
30.72,28.1188708191745,25.754159273657493,1.2496949122102199,3.1105430933016103,0.0
30.752,28.019472623727562,25.787076320923603,1.249710162235005,3.272090686832596,0.0
30.784,27.915167177984067,25.82164531366165,1.2497279166916506,3.4338960995431647,0.0
30.816,27.80594855915223,25.85786359055514,1.2497476519336987,3.595851327146957,0.0
30.848,27.691813542782054,25.895727715296772,1.2497689396219558,3.757868590519233,0.0
30.88,27.572761087173728,25.935233712729136,1.2497914269249712,3.919877748183491,0.0
30.912,27.4487918934139,25.976377268611348,1.2498148226917543,4.081823697850179,0.0
30.944,27.31990803892972,26.019153897348666,1.249838887434579,4.243663880711931,0.0
30.976,27.186112679690233,26.06355908095618,1.2498634275833134,4.405365960181424,0.0
31.008,27.04740981435772,26.10958838134426,1.2498882939872573,4.566905718196263,0.0
31.04,26.90380410256985,26.15723752686437,1.2499133837041887,4.728265191755596,0.0
31.072,26.755300729037586,26.206502473260265,1.2499386433482662,4.889431057285147,0.0
31.104,26.601905305230005,26.257379439001948,1.249964071893072,5.050393259229041,0.0
31.136,26.4436238010224,26.30986491555753,1.2499897209373185,5.211143871041295,0.0
31.168,26.28046249970209,26.363955654407413,1.250015691025665,5.371676170917691,0.0
31.2,26.11242797099871,26.419648634248187,1.2500421235537875,5.531983910735755,0.0
31.232,25.939527058135273,26.476941013445643,1.250069188860136,5.692060754502065,0.0
31.264,25.761766876081055,26.535830073903593,1.250097072052364,5.851899861817961,0.0
31.296,25.57915481906332,26.5963131627339,1.2501259586862432,6.011493592253522,0.0
31.328,25.391698575876475,26.658387637273027,1.2501560224491401,6.170833307822683,0.0
31.36,25.1994061516329,26.72205081721817,1.2501874164826956,6.32990925279957,0.0
31.392,25.002285894448956,26.787299945362633,1.2502202690547708,6.4887104926771,0.0
31.424,24.80034652533898,26.854132156189284,1.2502546832310346,6.647224896932905,0.0
31.456,24.593597169493552,26.92254445002242,1.2502907393207454,6.805439153142106,0.0
31.488,24.382047387282313,26.992533669930967,1.2503284984404768,6.9633388026092,0.0
31.52,24.1657072037722,27.064096479158692,1.2503680056642208,7.120908289901817,0.0
31.552,23.944587136194947,27.13722933819568,1.2504092918245926,7.27813102037879,0.0
31.584,23.71869821945165,27.211928482107677,1.250452373847312,7.4349894210765815,0.0
31.616,23.48805203021238,27.28818989978493,1.2504972542182082,7.591465001271578,0.0
31.648,23.25266071032726,27.366009316957392,1.2505439205335718,7.747538409842598,0.0
31.68,23.012536990107083,27.445382184129603,1.250592345969826,7.903189487335462,0.0
31.712,22.76769421167583,27.52630366938027,1.2506424910286775,8.058397311446571,0.0
31.744,22.518146352233693,27.608768654821283,1.250694306321356,8.213140235451496,0.0
31.776,22.263908046870267,27.69277173492842,1.2507477357323171,8.36739591979262,0.0
31.808,22.004994610607948,27.778307215147457,1.2508027192273492,8.521141357523875,0.0
31.84,21.741422059584515,27.865369109962327,1.250859194838241,8.674352894506287,0.0
31.872,21.473207131556876,27.9539511405275,1.250917099792119,8.827006245232402,0.0
31.904,21.200367306071268,28.04404673253832,1.2509763711170347,8.979076505028987,0.0
31.936,20.92292082461891,28.135649014998613,1.2510369461706454,9.130538159264868,0.0
31.968,20.640886710913428,28.2287508200546,1.251098763385243,9.281365090169485,0.0
32.0,20.354284791205824,28.32334468346332,1.2511617632315797,9.431530581915785,0.0
32.032000000000004,20.06313571442096,28.419422844939053,1.251225889168541,9.581007324698302,0.0
32.064,19.767460971915277,28.516977247743228,1.2512910882993618,9.729767418538895,0.0
32.096000000000004,19.467282916779638,28.61599953732528,1.2513573115971937,9.87778237747019,0.0
32.128,19.16262478274255,28.716481059269725,1.251424513774743,10.025023134579758,0.0
32.160000000000004,18.853510702775818,28.81841285698139,1.2514926530074753,10.171460048256696,0.0
32.192,18.539965727446095,28.92178566938752,1.2515616907026799,10.317062909872071,0.0
32.224000000000004,18.222015842945833,29.02658992862423,1.251631591375747,10.461800953111448,0.0
32.256,17.89968798865933,29.132815757460968,1.251702322560915,10.60564286517774,0.0
32.288000000000004,17.573010074122102,29.24045296624571,1.2517738546412223,10.74855680007832,0.0
32.32,17.24201099529749,29.34949104936884,1.2518461605445548,10.890510394156298,0.0
32.352000000000004,16.906720650161603,29.459919181456396,1.2519192153527265,11.031470783952457,0.0
32.384,16.567169953603802,29.571726213554115,1.2519929959239675,11.171404626413594,0.0
32.416000000000004,16.223390851611043,29.684900669445053,1.252067480601798,11.310278121440493,0.0
32.448,15.875416334651115,29.79943074208125,1.2521426490102772,11.448057036768006,0.0
32.480000000000004,15.52328045014838,29.915304290045068,1.2522184818831148,11.584706735182575,0.0
32.512,15.167018313968006,30.032508834023492,1.2522949608797775,11.720192204074044,0.0
32.544000000000004,14.806666120863895,30.151031553394656,1.2523720683880653,11.854478087291248,0.0
32.576,14.442261153865127,30.270859283078998,1.2524497873507103,11.987528719236488,0.0
32.608000000000004,14.073841792562346,30.391978510759753,1.252528101150718,12.119308161128494,0.0
32.64,13.701447520228486,30.51437537448767,1.2526069935559956,12.249780239358751,0.0
32.672000000000004,13.325118929695371,30.638035660639556,1.2526864486946458,12.37890858588091,0.0
32.704,12.944897727919551,30.762944802229036,1.2527664510333212,12.506656680564134,0.0
32.736000000000004,12.560826739192526,30.889087877626338,1.2528469853547424,12.632987895432462,0.0
32.768,12.172949906961067,31.016449609765935,1.2529280367496385,12.757865540691764,0.0
32.8,11.78131229421638,31.1450143658894,1.2530095906352805,12.881252912442417,0.0
32.832,11.385960082398821,31.274766157823635,1.2530916327950867,13.003113341975464,0.0
32.864,10.986940568763185,31.40568864277896,1.2531741494221962,13.123410246548387,0.0
32.896,10.584302162160698,31.537765124674053,1.2532571271550441,13.24210718153285,0.0
32.928,10.178094377206751,31.67097855602164,1.253340553106518,13.359167893810517,0.0
32.96,9.768367826807719,31.805311540408486,1.253424414894754,13.474556376287236,0.0
32.992,9.355174213016852,31.940746335578698,1.2535087006781656,13.588236923385745,0.0
33.024,8.938566316187393,32.07726485710967,1.2535933991885784,13.700174187378845,0.0
33.056,8.518597982397019,32.21484868267273,1.2536784997548456,13.81033323541478,0.0
33.088,8.095324109128052,32.35347905688633,1.2537639923155541,13.918679607080124,0.0
33.12,7.668800629195492,32.49313689677597,1.2538498674252694,14.025179372337195,0.0
33.152,7.2390844929172165,32.63380279784434,1.2539361162580753,14.129799189661627,0.0
33.184,6.806233648522096,32.775457040741586,1.2540227306074279,14.232506364209364,0.0
33.216,6.370307020796917,32.9180795985228,1.2541097028790544,14.33326890582991,0.0
33.248,5.93136448798155,33.061650144486926,1.254197026076073,14.432055586743564,0.0
33.28,5.489466856929803,33.20614806059613,1.2542846937790373,14.52883599869153,0.0
33.312,5.044675836558208,33.35155244646949,1.2543727001238862,14.623580609364442,0.0
33.344,4.597054009608806,33.49784212893628,1.2544610397782723,14.716260817914058,0.0
33.376,4.146664802757472,33.64499567213066,1.254549707915081,14.806849009351666,0.0
33.408,3.6935724551069744,33.792991388112995,1.2546387001829498,14.895318607637591,0.0
33.44,3.237841985111162,33.941807348004225,1.2547280126754339,14.981644127262367,0.0
33.472,2.7795391559822757,34.091421393617246,1.2548176419006647,15.06580122312606,0.0
33.504,2.3187304396379567,34.24181114956318,1.2549075847519078,15.14776673852347,0.0
33.536,1.8554829792499985,34.39295403580795,1.2549978384784697,15.227518751046818,0.0
33.568,1.3898645504633744,34.544827280655625,1.2550884006568928,15.305036616225102,0.0
33.6,0.9219435213600926,34.69740793413542,1.255179269163328,15.38030100872388,0.0
33.632,0.4517888112471782,34.850672881766386,1.2552704421479355,15.453293960937481,0.0
33.664,-0.020530151647658146,35.00459885867031,1.2553619180113402,15.523998898813545,0.0
33.696,-0.4949434734846683,35.15916246400208,1.255453695382695,15.592400674764482,0.0
33.728,-0.9713808390323397,35.314340175666516,1.255545773099253,15.658485597525681,0.0
33.76,-1.4497715567024494,35.470108365290784,1.2556381501878005,15.722241458835978,0.0
33.792,-1.9300446042999353,35.62644331341937,1.2557308258481925,15.783657556829416,0.0
33.824,-2.412128675384974,35.7833212248967,1.2558237994387438,15.84272471603939,0.0
33.856,-2.8959522261420276,35.9407182444018,1.2559170704631006,15.899435303931565,0.0
33.888,-3.3814435226482784,36.098610472099814,1.2560106385584564,15.953783243899643,0.0
33.92,-3.8685306884322106,36.25697397937478,1.256104503485193,16.00576402467027,0.0
33.952,-4.357141752212191,36.41578482460718,1.256198665117884,16.05537470608272,0.0
33.984,-4.847204695704452,36.57501906895935,1.2562931234373804,16.102613921224187,0.0
34.016,-5.3386475013897545,36.73465279213177,1.256387878523691,16.147481874918128,0.0
34.048,-5.831398200128232,36.894662108054376,1.2564829305495693,16.189980338581773,0.0
34.08,-6.325384918512931,37.0550231804768,1.256578279774766,16.23011264148112,0.0
34.112,-6.820535925854071,37.21571223842219,1.2566739265408238,16.267883658435935,0.0
34.144,-7.316779680688082,37.37670559146911,1.256769871266191,16.30329979403289,0.0
34.176,-7.814044876707687,37.53797964482782,1.2568661144415156,16.336368963430598,0.0
34.208,-8.312260488012225,37.699510914177885,1.2569626566250462,16.367100569849487,0.0
34.24,-8.811355813580601,37.861276040235275,1.2570594984381265,16.395505478853256,0.0
34.272,-9.31126052087314,38.023251803018134,1.2571566405606553,16.421595989547114,0.0
34.304,-9.811904688472538,38.18541513578187,1.2572540837264155,16.445385802823974,0.0
34.336,-10.313218847678636,38.34774313859579,1.2573518287182115,16.466889986807637,0.0
34.368,-10.815134022976322,38.51021309153528,1.2574498763628148,16.48612493964701,0.0
34.4,-11.317581771301072,38.67280246746479,1.2575482275256975,16.50310834982817,0.0
34.432,-11.820494220031808,38.835488944389205,1.2576468831055012,16.517859154179334,0.0
34.464,-12.323804103646358,38.99825041735232,1.257745844028224,16.53039749374804,0.0
34.496,-12.827444798980334,39.16106500986379,1.2578451112411293,16.540744667738824,0.0
34.528,-13.331350359036145,39.32391108483751,1.2579446857063992,16.54892308570288,0.0
34.56,-13.835455545294762,39.486767255026194,1.2580445683945467,16.55495621817319,0.0
34.592,-14.339695858488838,39.64961239293929,1.2581447602775866,16.55886854594457,0.0
34.624,-14.844007567801798,39.81242564023306,1.2582452623219857,16.560685508194325,0.0
34.656,-15.348327738463489,39.975186416563844,1.258346075481443,16.560433449642744,0.0
34.688,-15.852594257718993,40.13787442789741,1.258447200689521,16.558139566949237,0.0
34.72,-16.356745859153072,40.30046967426932,1.2585486388521787,16.5538318545392,0.0
34.752,-16.86072214535855,40.46295245699298,1.258650390840219,16.547539050050304,0.0
34.784,-17.364463608942536,40.6253033853141,1.2587524574817104,16.5392905795869,0.0
34.816,-17.86791165186992,40.78750338251207,1.2588548395544186,16.529116502961205,0.0
34.848,-18.37100860314897,40.949533691450476,1.2589575377782956,16.517047459099633,0.0
34.88,-18.873697734868763,41.11137587958045,1.2590605528080616,16.503114611776024,0.0
34.912,-19.375923276603416,41.27301184340263,1.2591638852259197,16.48734959584238,0.0
34.944,-19.877630428202302,41.434423812394485,1.2592675355344463,16.46978446409854,0.0
34.976,-20.3787653709902,41.59559435241159,1.2593715041496976,16.450451634953925,0.0
35.008,-20.879275277405178,41.75650636857255,1.2594757913945627,16.429383841010825,0.0
35.04,-21.379108319105985,41.917143107638594,1.2595803974923991,16.406614078698254,0.0
35.072,-21.878213673584245,42.07748815989994,1.259685322560975,16.382175559071246,0.0
35.104,-22.376541529319862,42.23752546058223,1.2597905666067595,16.356101659880576,0.0
35.136,-22.874043089521223,42.39723929078712,1.2598961295195632,16.328425879014745,0.0
35.168,-23.37067057449419,42.55661427798199,1.2600020110675747,16.29918178939386,0.0
35.2,-23.86637722268643,42.71563539605451,1.260108210892784,16.268402995398056,0.0
35.232,-24.361117290455446,42.87428796494859,1.2602147285068206,16.23612309089538,0.0
35.264,-24.854846050610725,43.03255764989842,1.260321563287217,16.20237561892631,0.0
35.296,-25.347519789781572,43.190430460278236,1.26042871447409,16.167194033094155,0.0
35.328,-25.839095804663668,43.34789274808539,1.2605361811672566,16.13061166069961,0.0
35.36,-26.32953239719812,43.50493120607495,1.260643962323768,16.092661667650283,0.0
35.392,-26.818788868737506,43.66153286556391,1.2607520567558697,16.05337702516511,1.0
35.424,-27.306825513253948,43.81768509392353,1.2608604631293716,16.012790478291347,1.0
35.456,-27.795263110956938,43.973929036303076,1.2604209513283071,16.025597894409056,1.0
35.488,-28.282979950979584,44.13062482321354,1.259207458589123,16.00846008569297,1.0
35.52,-28.771227321823414,44.28811800176931,1.2579401333383442,16.031878234001777,1.0
35.552,-29.258782723132896,44.44581610305615,1.2566635763893765,16.013269023290437,1.0
35.584,-29.746772507007552,44.60429175230368,1.2555100037066056,16.033674106214693,1.0
35.616,-30.23414310433932,44.76303251108693,1.2543556297271798,16.017835046171307,1.0
35.648,-30.72184936478366,44.92261238822686,1.2533525724839045,16.03594461332616,1.0
35.68,-31.208979610128218,45.08246037686133,1.2523297102773137,16.02144751231433,1.0
35.712,-31.696517923362368,45.24312729807466,1.2514039015273883,16.041556054212954,1.0
35.744,-32.18354546433894,45.40408968012221,1.250426233520323,16.02929190986716,1.0
35.776,-32.67097264055432,45.56589198110622,1.2495282260348475,16.049400053291475,1.0
35.808,-33.157895758417496,45.72802032164528,1.2485748657872282,16.037666890583687,1.0
35.84,-33.64525259213657,45.89098533296895,1.2476830594789934,16.05879938604706,1.0
35.872,-34.13214965930304,46.054283874016996,1.2467185882120626,16.048485144509005,1.0
35.904,-34.61947792304819,46.218429028000685,1.2458088651360868,16.069686751167943,1.0
35.936,-35.106329499265414,46.38292722727976,1.2448323487306059,16.05909853311571,1.0
35.968,-35.59361696890787,46.54827046341249,1.2439100338092202,16.08046976703062,1.0
36.0,-36.08044114790585,46.71396571395294,1.2429172276858986,16.07030149106395,1.0
36.032000000000004,-36.5676978008478,46.88049793759968,1.241975627834872,16.091535881439896,1.0
36.064,-37.054491451597485,47.04738718480537,1.2409684747054628,16.08146016326513,1.0
36.096000000000004,-37.54170907457863,47.215105771669556,1.2400139880779546,16.102410795634352,1.0
36.128,-38.02846770245297,47.383176552606876,1.2389974098936882,16.092437771195627,1.0
36.160000000000004,-38.51564590117668,47.552060930396316,1.2380318532949597,16.113141544834882,1.0
36.192,-39.00237325955545,47.72129163221431,1.2370076745646579,16.103381598195668,1.0
36.224000000000004,-39.489509771934095,47.891323034237054,1.2360359174453988,16.123687554475413,1.0
36.256,-39.9761991886188,48.06169524673277,1.2350115562678845,16.114012707289376,1.0
36.288000000000004,-40.463293297756486,48.23284948827076,1.2340402401092463,16.134034720428446,1.0
36.32,-40.94995300460635,48.404335174752475,1.2330190870054,16.124667236857498,1.0
36.352000000000004,-41.437010149694245,48.576586553402244,1.2320518815502473,16.14434405243328,1.0
36.384,-41.923639439008916,48.74916206077584,1.2310400786379863,16.135121913633217,1.0
36.416000000000004,-42.410661719840256,48.922485582680146,1.2300830826994373,16.154519573998,1.0
36.448,-42.897269318298065,49.09612344311185,1.229084317277301,16.145610057839868,1.0
36.480000000000004,-43.38426480570379,49.2704918630405,1.2281404813823493,16.16470862213896,1.0
36.512,-43.87085880952009,49.445166566183126,1.2271579822397063,16.15612840060854,1.0
36.544000000000004,-44.357834463468905,49.6205554774767,1.2262310721777139,16.174903373206586,1.0
36.576,-44.84442177007881,49.796241888364065,1.2252681005751123,16.166640818209277,1.0
36.608000000000004,-45.33138551753872,49.97262572144568,1.2243605406918279,16.185115321850276,1.0
36.64,-45.81797412447141,50.14929900276227,1.2234192078140025,16.17717819836015,1.0
36.672000000000004,-46.30493367977308,50.3266540330161,1.2225332627467618,16.195353306685213,1.0
36.704,-46.791530877448736,50.50429077547952,1.2216155671952926,16.187730605235508,1.0
36.736000000000004,-47.27849421681032,50.68259343529008,1.2207526836882534,16.20562248143346,1.0
36.768,-47.76510810516942,50.86117007340485,1.219859568419535,16.19831600890101,1.0
36.800000000000004,-48.2520833807223,51.04039749621476,1.2190205975300346,16.215931484300746,1.0
36.832,-48.738721601707425,51.219891692595766,1.218152872349284,16.208930218091908,1.0
36.864000000000004,-49.225716516016334,51.4000216252572,1.217338428048819,16.226269912282845,1.0
36.896,-49.71238796272242,51.58040702864409,1.216494025144574,16.219562573471826,1.0
36.928,-50.19941139152341,51.761417818753095,1.2157036861035133,16.236675017090196,1.0
36.96,-50.686123921183466,51.94267298383235,1.214882941700971,16.230232020860942,1.0
36.992,-51.17318319686464,52.124543074310374,1.2141168680907664,16.247099135890153,1.0
37.024,-51.659940712574354,52.30664695532709,1.2133214095706146,16.240823822777273,1.0
37.056,-52.14704360067519,52.489350518464086,1.212577906294452,16.257504745158133,1.0
37.088,-52.63383898432675,52.67228244233063,1.2118139130789898,16.25101663976493,1.0
37.12,-53.120988831248305,52.85579661384865,1.2110951153654876,16.267791477798387,1.0
37.152,-53.60782901586479,53.03953141508091,1.2103617207730657,16.26116933045444,1.0
37.184,-54.09503548389127,53.2238324183133,1.2096659798331364,16.27813076814568,1.0
37.216,-54.58192984278592,53.40834696380161,1.2089628602810758,16.271372204998283,1.0
37.248,-55.069203413854446,53.593409418280956,1.2082888917122319,16.288525400343108,1.0
37.28,-55.5561581099179,53.778679781104216,1.2076163892212544,16.281519426041882,1.0
37.312,-56.04350538549606,53.964479469062375,1.206964904484803,16.298871555272612,1.0
37.344,-56.53052602532411,54.150480976854205,1.2063243408041988,16.291583361297388,1.0
37.376,-57.017933572883294,54.33699302288039,1.2057054451895295,16.308574144047046,1.0
37.408,-57.50502423961557,54.52369663819259,1.2050989945882657,16.301467712669645,1.0
37.44,-57.99250138008968,54.71089191281475,1.204512228399777,16.318247113452973,1.0
37.472,-58.47967211131761,54.89826853239996,1.2039391272663738,16.311342131077332,1.0
37.504,-58.96722402353557,55.08611767025021,1.2033856405881205,16.327763625266495,1.0
37.536,-59.45447579157981,55.274136456830576,1.2028469563434705,16.32091946011422,1.0
37.568,-59.94211129342389,55.462607849366236,1.2023269546783546,16.337201380719346,1.0
37.6,-60.42945301698917,55.651237110008296,1.2018228144027898,16.330418613713963,1.0
37.632,-60.917183848467744,55.840298633152635,1.2013362566799326,16.34663644377419,1.0
37.664,-61.4046234991018,56.02950568710816,1.2008663561653077,16.339797640075943,1.0
37.696,-61.89246160610695,56.21912453907542,1.200413016810326,16.356063948010572,1.0
37.728,-62.380011233518694,56.408876217672365,1.1999774215735566,16.34916673638668,1.0
37.76,-62.867955527457426,56.59901858483422,1.1995590342719973,16.36508985187234,1.0
37.792,-63.35562475389459,56.78928018034631,1.1991584548523775,16.358434770691716,1.0
37.824,-63.84368349199614,56.97991127668789,1.1987753975817403,16.37397261756691,1.0
37.856,-64.33148397146036,57.17064770372825,1.1984103994282236,16.3676537874512,1.0
37.888,-64.81967016653924,57.361732116527456,1.1980631065505412,16.382840856796385,1.0
37.92,-65.30761489877028,57.552907743977485,1.197734052993297,16.37685409775965,1.0
37.952,-65.79594220379848,57.744409507972414,1.197422940166575,16.391704340415345,1.0
37.984,-66.28404476598188,57.93598795396426,1.1971301521254556,16.38604149644774,1.0
38.016,-66.77252725223731,58.12787060989358,1.1968555459594603,16.400567261738907,1.0
38.048,-67.26080160972931,58.31981503476269,1.1965993317318808,16.395219824789695,1.0
38.08,-67.7494537451792,58.512041535088585,1.1963606747508384,16.40943233841807,1.0
38.112,-68.23791384032786,58.704315522714474,1.1961398162758061,16.404391297527564,1.0
38.144,-68.72674967919696,58.896850185119426,1.1959375064902136,16.418301336297915,1.0
38.176,-69.21540989005129,59.089416555837374,1.1957539749553356,16.413558165688496,1.0
38.208,-69.70444451485065,59.28222135426574,1.1955893298121862,16.427175779109216,1.0
38.24,-70.19331954884935,59.47504231603834,1.1954435552886509,16.422721565087137,1.0
38.272,-70.68256803621081,59.66807937410449,1.1953160008469912,16.436055907195147,1.0
38.304,-71.17167242367739,59.86111767932111,1.195206425925291,16.431881446882027,1.0
38.336,-71.66114919891719,60.05435083184536,1.1951158309746834,16.444941422604533,1.0
38.368,-72.15049757649977,60.24756907708347,1.1950442776293289,16.441038270461572,1.0
38.4,-72.64021798473672,60.44095990077562,1.1949918994923225,16.453832456047778,1.0
38.432,-73.12982528266089,60.63431997501447,1.1949576911672672,16.45019188886112,1.0
38.464,-73.61980407285562,60.82783152749393,1.194941948115696,16.462728257561835,1.0
38.496,-74.10968451263673,61.021297118509054,1.1949448758331012,16.45934208207107,2.0
38.528,-74.60180597499415,61.21563061751566,1.1949612504109484,16.534441372127525,2.0
38.56,-75.0940263760251,61.40990856668437,1.194245568065573,16.53667947050504,2.0
38.592,-75.5848404526737,61.60659983613128,1.1900608960847787,16.523713822361817,2.0
38.624,-76.07438749542503,61.80521973744422,1.1843982570991487,16.509531289450454,2.0
38.656,-76.56309187883895,62.00582801089933,1.178885217982341,16.508628691383585,2.0
38.688,-77.05141472571746,62.2081599680193,1.1744219547564734,16.51814299005607,2.0
38.72,-77.53969880766256,62.41216621840129,1.1712649542714257,16.537123687359266,2.0
38.752,-78.0284325871184,62.61782988960376,1.1693727513088426,16.570111957068807,2.0
38.784,-78.51561983344168,62.823021207758536,1.1682574596000939,16.519841623721977,2.0
38.816,-78.99959413658033,63.02736327033899,1.1680185721648222,16.417015627297253,2.0
38.848,-79.47940127859208,63.2302807011867,1.1684177988808886,16.27973560286423,2.0
38.88,-79.95537683703554,63.43210651645509,1.1695436041877196,16.15617690814689,2.0
38.912,-80.42695705516142,63.63181815676687,1.1710840868917554,16.003933391478988,2.0
38.944,-80.89437667019737,63.829244466180754,1.1730443047249197,15.856366052045136,2.0
38.976,-81.35832435373362,64.02448212155119,1.1755405688773677,15.729818122376077,2.0
39.008,-81.81945170330089,64.21723141061682,1.1786298845997554,15.618463432123294,2.0
39.04,-82.27836547054278,64.40752613873579,1.1822202660844592,15.525118170016626,2.0
39.072,-82.73568473120358,64.59555629869881,1.186242661099904,15.452050884168365,2.0
39.104,-83.1915748132881,64.7810146855292,1.190567714608281,15.380289391925764,2.0
39.136,-83.64617952169989,64.96375639479592,1.1951388700057903,15.311224184051252,2.0
39.168,-84.0996322330149,65.14360512857975,1.1999502283507557,15.244266881806901,2.0
39.2,-84.55204354724071,65.3209173068501,1.2049956320129989,15.184917973284326,2.0
39.232,-85.00352945638507,65.49483645202957,1.2102497037803188,15.119559160213964,2.0
39.264,-85.45421142365893,65.66539420181871,1.2156785885172596,15.058618884893212,2.0
39.296,-85.90419631574045,65.83261468338273,1.2212424095464758,15.001601612280195,2.0
39.328,-86.35354070076717,65.99759830948206,1.2269182332492974,14.95860563749362,2.0
39.36,-86.80228236683911,66.15957990598267,1.2326600885379664,14.908812795062257,2.0
39.392,-87.25047285377771,66.3182992531107,1.2384110366940766,14.858270408771457,2.0
39.424,-87.69816243423406,66.47371840688236,1.244121850028476,14.809372666300158,2.0
39.456,-88.1453959560453,66.62587709344562,1.249754600755019,14.762776929943094,2.0
39.488,-88.59225864118689,66.77482437256893,1.2552607769136372,14.71976440879799,2.0
39.52,-89.03885621398675,66.9206337249677,1.2605825396452122,14.6811747378835,2.0
39.552,-89.4853183934479,67.0634254959568,1.2656703579298358,14.648151392860344,2.0
39.584,-89.93177391947955,67.2033511360608,1.2704896977297586,14.62091722768964,2.0
39.616,-90.38149040191128,67.34164529561481,1.2747304132153698,14.703125541243416,2.0
39.648,-90.8359195005867,67.47873957768942,1.2783687075098829,14.833077799048876,2.0
39.68,-91.29575129110299,67.61515655565752,1.2817690756821702,14.988764165655294,2.0
39.712,-91.76120599053907,67.75116615290631,1.2849610788605388,15.153732728868736,2.0
39.744,-92.23222964096391,67.88695207999037,1.2878754373634804,15.318926850485829,2.0
39.776,-92.70902711059439,68.02280185277249,1.2905674998060614,15.49292576591528,2.0
39.808,-93.19160682898557,68.15889843189791,1.2929953417771127,15.668870646369056,2.0
39.84,-93.679928716058,68.29526096280489,1.2950579470164558,15.843879835194253,2.0
39.872,-94.17387833907415,68.43192711584048,1.2966356060505475,16.015859717787695,2.0
39.904,-94.67337096674633,68.56925427981815,1.2977689263992067,16.188334036234114,2.0
39.936,-95.1783798351173,68.70754978442406,1.2985368845371055,16.362578902064246,2.0
39.968,-95.68887332704782,68.84704770134559,1.2990052654229887,16.53781455292483,2.0
40.0,-96.20480982907334,68.98795263720663,1.299214387695449,16.713484319418896,2.0
40.032000000000004,-96.72619409999521,69.13039274130405,1.2992575713979728,16.890352867594608,2.0
40.064,-97.25303532907768,69.2745603639473,1.2991344715704793,17.069083751944508,2.0
40.096000000000004,-97.78532414899821,69.42059979267614,1.298858753170942,17.248727233640917,2.0
40.128,-98.32304969438302,69.56856774919328,1.298506132550391,17.42852057399624,2.0
40.160000000000004,-98.86617746528242,69.71859855171273,1.2980421290058455,17.6084011931648,2.0
40.192,-99.41468115703938,69.87079045466747,1.297455846405982,17.788326936607596,2.0
40.224000000000004,-99.96853315563692,70.02522810206334,1.2967464961237554,17.968154499680452,2.0
40.256,-100.5276922777413,70.18197766161197,1.2959209917763006,18.147329622514007,2.0
40.288000000000004,-101.09211079533574,70.34110877208282,1.2949727446876096,18.325693624864304,2.0
40.32,-101.66174550554919,70.5026728641688,1.2939148917580774,18.503237286824245,2.0
40.352000000000004,-102.23656323258726,70.6667204548686,1.2927580802159857,18.68026176230169,2.0
40.384,-102.81654054536116,70.8332919526595,1.2915125186577845,18.856979915573408,2.0
40.416000000000004,-103.40166125460354,71.00242034518367,1.2901886211137141,19.033550342113042,2.0
40.448,-103.99191396707606,71.17413618703938,1.2887979845447617,19.21009990513342,2.0
40.480000000000004,-104.587291755819,71.34846608811111,1.287353443313185,19.38673154529617,2.0
40.512,-105.1877926363363,71.52542900069332,1.2858677309196274,19.563528605725157,2.0
40.544000000000004,-105.79341840360979,71.70503790291957,1.284352225754913,19.740552659227053,2.0
40.576,-106.40417391603604,71.8873009770322,1.282819928699136,19.91785291553495,2.0
40.608000000000004,-107.02006593187485,72.07222438542131,1.281282072317697,20.095467567494516,2.0
40.64,-107.64110343718862,72.25980818040203,1.2797490153597448,20.273407175890544,2.0
40.672000000000004,-108.26729705331744,72.45004742581065,1.278229541541566,20.451673495197472,2.0
40.704,-108.89865861787777,72.64293315487215,1.2767329280778454,20.630263537075912,2.0
40.736000000000004,-109.53520001288744,72.83845531791438,1.2752658320457904,20.809165646141043,2.0
40.768,-110.17693400274617,73.03659841879909,1.2738350452624772,20.988352885915074,2.0
40.800000000000004,-110.82387332432994,73.23734472074916,1.2724446674320917,21.16780000884896,2.0
40.832,-111.47603172310939,73.4406711164254,1.271101728547763,21.347483369403204,2.0
40.864000000000004,-112.13342198932497,73.64655610477992,1.2698085982774956,21.527385221770015,2.0
40.896,-112.79605673679369,73.85497400128148,1.2685679807298629,21.70745725676375,2.0
40.928000000000004,-113.46394834007646,74.06589712437248,1.2673816955188253,21.887669495149453,2.0
40.96,-114.13710857981158,74.27929685574851,1.266251044198525,22.06799138834026,2.0
40.992,-114.81554870410106,74.49514357639553,1.2651769178018657,22.248393764621973,2.0
41.024,-115.49927970213962,74.71340624441588,1.2641596917030957,22.428851736217606,2.0
41.056,-116.18831161195664,74.93405423017916,1.263197945750948,22.609337403529167,2.0
41.088,-116.8826550875525,75.15705341597572,1.2622938726104072,22.78983254760739,2.0
41.12,-117.58231986807655,75.38237267265824,1.261445811168047,22.970335343444088,2.0
41.152,-118.28731485336994,75.60998023975012,1.2606517494392064,23.150812007815745,2.0
41.184,-118.9976496556243,75.83984154560598,1.2599128746724004,23.331254109814477,2.0
41.216,-119.71333287763751,76.07192568436277,1.2592266826783083,23.511664464234215,2.0
41.248,-120.43437291030783,76.30620036358235,1.2585921980398085,23.692021304789023,2.0
41.28,-121.16077795550554,76.54263397917127,1.258007924491146,23.872323721709645,2.0
41.312,-121.89255604924199,76.78119526437523,1.2574725951075199,24.052568329247812,2.0
41.344,-122.62971477478989,77.0218542309895,1.2569843698602527,24.232752546779256,2.0
41.376,-123.37226155526514,77.26458115718707,1.256541699142727,24.412872889576807,2.0
41.408,-124.12020365896142,77.50934708159006,1.2561429061689553,24.59293099761861,2.0
41.44,-124.87354809187914,77.75612399597368,1.2557863115769015,24.772927365422447,2.0
41.472,-125.6323016333932,78.00488478525408,1.2554702453239603,24.9528631256466,2.0
41.504,-126.3964709321991,78.2556030621624,1.2551930323762674,25.13274079400916,2.0
41.536,-127.16606243812487,78.50825335998148,1.2549529686849754,25.312562866079887,2.0
41.568,-127.93539806269658,78.76177230981634,1.2561250451070898,25.313450047227025,2.0
41.6,-128.70254906144555,79.01450802130256,1.258184214441141,25.24095544089691,2.0
41.632,-129.46771079478378,79.26553597237616,1.260225409566565,25.16523846731103,2.0
41.664,-130.23109088752847,79.51461219082783,1.2618853364902802,25.093359460673774,2.0
41.696,-130.99287431473687,79.76176953296516,1.2629500923323869,25.027358248134245,2.0
41.728,-131.7532045581595,80.00720593592715,1.2633167158531584,24.96759056716265,2.0
41.76,-132.510333950402,80.25101549967404,1.2628773347481743,24.85678791406915,2.0
41.792,-133.26601896100553,80.49512603146475,1.2624793487965464,24.816710859629957,2.0
41.824,-134.0219130993438,80.73988196123574,1.2619881922976741,24.829131462647837,2.0
41.856,-134.7809879474613,80.98563808653735,1.26129363907875,24.933325178163976,2.0
41.888,-135.53852271617836,81.23081638956418,1.261293408452548,24.88197577830991,2.0
41.92,-136.2943918513247,81.4745377835898,1.2615937029361735,24.818449203424787,2.0
41.952,-137.04862096014867,81.7165537833268,1.2619300355921428,24.753341063421768,2.0
41.984,-137.79928392763415,81.95672260550737,1.2620594809303987,24.62959926159651,2.0
42.016,-138.54829689075459,82.19704838170563,1.2623358107840539,24.58199265033591,2.0
42.048,-139.29808100292945,82.43790259238239,1.2623944597837993,24.60998778764318,2.0
42.08,-140.0513549059961,82.67975490988161,1.2621443910022851,24.72336335813298,2.0
42.112,-140.80313768624995,82.92105257336692,1.2624782906028376,24.67369328215397,2.0
42.144,-141.5530521955559,83.16091768416823,1.2630786256244115,24.604431239177774,2.0
42.176,-142.30115708487503,83.39912146531961,1.2636646646450165,24.53477233109163,2.0
42.208,-143.04606354476093,83.63557590654725,1.264059543787995,24.42295668552295,2.0
42.24,-143.78918369072414,83.87223576000821,1.2644903850512657,24.37170360824746,2.0
42.272,-144.53361669730094,84.10948441145005,1.2645638042867064,24.41637963769639,2.0
42.304,-145.28176727437693,84.34786951159559,1.2642937825757807,24.537853696682806,2.0
42.336,-146.03459545681412,84.58770080780187,1.2638237722269978,24.69085289497483,2.0
42.368,-146.78644170468309,84.82735229925446,1.2640554325196092,24.659906475679445,2.0
42.4,-147.53742802462995,85.06614977986011,1.2642455565301949,24.62620337678089,2.0
42.432,-148.28645305879562,85.3037666585836,1.2645898066492944,24.556622039495387,2.0
42.464,-149.03201820413264,85.53985361811202,1.2648577786214024,24.439112354586396,2.0
42.496,-149.77312005005697,85.77422575673619,1.2649681045210162,24.289971235146425,2.0
42.528,-150.5092750292138,86.00685995216794,1.2650029652659007,24.126205631962364,2.0
42.56,-151.24285225280985,86.23888246011416,1.2644426581865278,24.0436318873272,2.0
42.592,-151.97433714844053,86.47038374915758,1.2638079457294344,23.97637503205898,2.0
42.624,-152.70367972996286,86.70133130188016,1.2632985204532168,23.907323913581614,2.0
42.656,-153.4309084819416,86.93175840696378,1.262964828325088,23.839437007856016,2.0
42.688,-154.15606783392664,87.16163163898416,1.262767553973977,23.772559638906944,2.0
42.72,-154.87908876757288,87.39089709423537,1.2626304334600624,23.703118301532673,2.0
42.752,-155.5999871218145,87.61954005237105,1.2625243374007795,23.634010349464848,2.0
42.784,-156.31880327497845,87.8476076381279,1.2624362489526368,23.566550872882733,2.0
42.816,-157.0329673416992,88.07428311461636,1.2623583251648902,23.414824155181773,2.0
42.848,-157.74191652956134,88.29936669407859,1.262290282366899,23.24444618533988,2.0
42.88,-158.44550759690074,88.52282545956645,1.2622323984478612,23.069490819433664,2.0
42.912,-159.143677679577,88.74466197913958,1.2621858966184931,22.892687575035186,2.0
42.944,-159.83639153610744,88.96485661169704,1.2621410651522165,22.714649030604267,2.0
42.976,-160.52364622918148,89.18339555047933,1.2620977537197275,22.536392411721128,2.0
43.008,-161.20541845518017,89.40028335944322,1.2620553611552128,22.357485222936454,2.0
43.04,-161.88616948320728,89.61702432336038,1.2619744353684632,22.325684214098708,2.0
43.072,-162.56245498670967,89.83244851897034,1.2618575753525407,22.18022979295122,2.0
43.104,-163.23355950462502,90.04631745381937,1.2617413668167068,22.011210064434618,2.0
43.136,-163.89930383494413,90.25858135284217,1.261643738963214,21.83638290451375,2.0
43.168,-164.55961675775342,90.46921330514301,1.2615586285060898,21.659180365095843,2.0
43.2,-165.21446431162383,90.67818915612331,1.261473903118234,21.480737762636725,2.0
43.232,-165.86382759973736,90.88549855343756,1.2613843871014505,21.301634572714622,2.0
43.264,-166.50769640089237,91.0911408388873,1.2612922010724732,21.122221163096967,2.0
43.296,-167.14606642813524,91.29510945321768,1.2611981525973932,20.942618077809698,2.0
43.328,-167.77893627815612,91.49739393683721,1.2611008135817652,20.762873990615965,2.0
43.36,-168.4063061080515,91.69799013899646,1.2610018642966765,20.58309530011804,2.0
43.392,-169.0281781642147,91.896896694755,1.2609053148091973,20.40337068297226,2.0
43.424,-169.64455648663701,92.09410698123558,1.2608127683583368,20.223703440823424,2.0
43.456,-170.2554457280179,92.28961220451762,1.2607241133708007,20.044091073270096,2.0
43.488,-170.86085088750173,92.4834073670461,1.2606410416577003,19.864579994466197,2.0
43.52,-171.46077774336894,92.67548861813273,1.260566284273095,19.685204285142888,2.0
43.552,-172.05523258872464,92.86584874635481,1.260500860155593,19.505947210247456,2.0
43.584,-172.6442232524242,93.05449898778092,1.2604480003333476,19.327030273536995,2.0
43.616,-173.22775908506358,93.24144750964906,1.2604120763724815,19.148469553680165,2.0
43.648,-173.81228707252708,93.42878146048973,1.2605687716450968,19.181675621554604,2.0
43.68,-174.39769217052017,93.61631684642717,1.2607421055488113,19.209705985862282,2.0
43.712,-174.97922544312217,93.8025127839469,1.2608877582031015,19.081703808958448,2.0
43.744,-175.5558279534297,93.9870363675841,1.2610344005095113,18.919015967527628,2.0
43.776,-176.12756917817003,94.16990630082151,1.2612196308957373,18.758577344778047,2.0
43.808,-176.69469595708983,94.35118029279494,1.2614279843313037,18.606037055547755,2.0
43.84,-177.25743785119525,94.5309271102405,1.2616508007073535,18.460985362554126,2.0
43.872,-177.81681923446874,94.70947067039482,1.2618826175297813,18.349507865733322,2.0
43.904,-178.37292940415145,94.88683101758923,1.2621150676307027,18.240880151038454,2.0
43.936,-178.92586945873938,95.0630353492619,1.2623455272360868,18.135521621157682,2.0
43.968,-179.47567558617376,95.2380953645924,1.2625737160105086,18.03135263843627,2.0
44.0,-180.0226550310891,95.41211065200756,1.26280023804109,17.93727771294762,2.0
44.032000000000004,-180.5670053849104,95.58514296100837,1.2630235377504444,17.84967304684815,2.0
44.064,-181.1090258223121,95.75728647345635,1.2632417469618569,17.771871049174962,2.0
44.096000000000004,-181.64897225828182,95.92862438596481,1.2634530886133861,17.702479388925212,2.0
44.128,-182.18689485565378,96.09917679594177,1.2636568319905317,17.634772898664924,2.0
44.160000000000004,-182.7229167521984,96.26898697541758,1.2638530794935112,17.571144192180185,2.0
44.192,-183.2573508407656,96.43815780282691,1.2640408369137768,17.517808793088673,2.0
44.224000000000004,-183.79027350636352,96.60671842057987,1.2642182787749114,17.467024770414877,2.0
44.256,-184.32173473350872,96.77469210754795,1.2643851021768324,17.417950147325996,2.0
44.288000000000004,-184.85182165722438,96.94211431458162,1.2645412132667662,17.371806452170983,2.0
44.32,-185.380588947826,97.1090098114082,1.264685898087083,17.32752560957344,2.0
44.352000000000004,-185.9085454773833,97.27554776224962,1.2648178233106289,17.30000155115276,2.0
44.384,-186.43572633739754,97.44174778106112,1.264934468943014,17.273708040397736,2.0
44.416000000000004,-186.96205192704488,97.60759513479687,1.2650360709521575,17.24490393109361,2.0
44.448,-187.4875693008676,97.77311501446162,1.2651234806232636,17.21773920641281,2.0
44.480000000000004,-188.01242468965944,97.93836350456733,1.265196470916502,17.1954599326769,2.0
44.512,-188.53665912355373,98.10336390987378,1.2652544302426654,17.174622552966902,2.0
44.544000000000004,-189.06040843825562,98.26817008815395,1.2652972049267392,17.158339673199826,2.0
44.576,-189.58380981603327,98.43283592274744,1.2653243331260096,17.146651585252258,2.0
44.608000000000004,-190.1069050782374,98.5973849352524,1.2653356230137494,17.136430797604323,2.0
44.64,-190.629694597664,98.76182779064987,1.2653316180392986,17.126321140534202,2.0
44.672000000000004,-191.15220629209128,98.9261839450772,1.2653131661485812,17.117226161332862,2.0
44.704,-191.6744443386267,99.09046501297502,1.2652811683187315,17.108364618044774,2.0
44.736000000000004,-192.19639313142017,99.25467566395585,1.2652363355457046,17.09908167633151,2.0
44.768,-192.7181286242842,99.41884947213035,1.2651792848364598,17.092377798889235,2.0
44.800000000000004,-193.23961428464514,99.58298359934518,1.2651106276628914,17.08455836310771,2.0
44.832,-193.76086868627095,99.74709260759793,1.2650311130571639,17.07742930320143,2.0
44.864000000000004,-194.281907586639,99.911189595873,1.264941519713487,17.07089300391822,2.0
44.896,-194.80279504749703,100.07530198075695,1.2648425521715982,17.06652372868052,2.0
44.928000000000004,-195.3236056053004,100.23945998256936,1.264734793255281,17.064660084443464,2.0
44.96,-195.84441059587425,100.403691987848,1.2646187315438582,17.065189524737082,2.0
44.992000000000004,-196.36524496265523,100.56801466901817,1.264495513155611,17.06691741184397,2.0
45.024,-196.88611024566714,100.7324326744868,1.264366773356396,17.068735262245585,2.0
45.056,-197.4069906870414,100.89694467381698,1.264234094882468,17.070071395511988,2.0
45.088,-197.92794799413969,101.06157311462555,1.2640989661745852,17.073458051187327,2.0
45.12,-198.44898394605784,101.22632032543268,1.263962699124584,17.076920089632416,2.0
45.152,-198.97010106603994,101.39118814191676,1.26382675747572,17.08047506351491,2.0
45.184,-199.4912986368404,101.55617645761596,1.2636925335540277,17.084008128650236,2.0
45.216,-200.01258843743403,101.72128833071926,1.2635612687170394,17.08792143085562,2.0
45.248,-200.5339169516024,101.88650528732971,1.2634342719543759,17.09006654040655,2.0
45.28,-201.05528993214756,102.05182699852094,1.2633127726956397,17.09238036098041,2.0
45.312,-201.5767838007598,102.21727475222666,1.2631973262936917,17.09717215289908,2.0
45.344,-202.09829711251578,102.38281250693649,1.2630887404906617,17.098601995738917,2.0
45.376,-202.6198356158154,102.54843797531932,1.2629881597659727,17.100181784199474,2.0
45.408,-203.14141143948444,102.71415011487808,1.262896089981506,17.102113271886537,2.0
45.44,-203.66302807827395,102.87994457670548,1.2628129076127486,17.10410796310751,2.0
45.472,-204.18502204225857,103.04592260243913,1.2627377036765888,17.1170831325936,2.0
45.504,-204.70725459340625,103.21203345614599,1.2626701072019741,17.125446322781574,2.0
45.536,-205.22972353838526,103.3782701184628,1.2626118851035202,17.133677854229717,2.0
45.568,-205.75242847096987,103.54462532911484,1.262564059644921,17.14182861099589,2.0
45.6,-206.27537000765773,103.71109187751227,1.2625272332173354,17.149929471196867,2.0
45.632,-206.79871784815592,103.87771624457642,1.262501086504945,17.163524254763924,2.0
45.664,-207.3223129783625,104.0444399411202,1.26248563096677,17.171829549928137,2.0
45.696,-207.8461587332509,104.21125651151141,1.2624818118252092,17.180172959675804,2.0
45.728,-208.3702584972746,104.37815916408795,1.262489492447889,17.18855275459254,2.0
45.76,-208.89461515075655,104.54514115242662,1.2625081109362135,17.196954345298085,2.0
45.792,-209.41924315137408,104.71219984368977,1.2625372127698926,17.20576147452522,2.0
45.824,-209.94414035888195,104.87932709965933,1.2625761563738465,17.214427718887723,2.0
45.856,-210.46922048376416,105.04648864497446,1.2626245745305196,17.22019957702581,2.0
45.888,-210.99448706826476,105.21367897294505,1.262682041657336,17.226024750214414,2.0
45.92,-211.51994198588147,105.38089262176848,1.262747612709299,17.231854000864345,2.0
45.952,-212.0456126445054,105.54813249178561,1.2628203297280531,17.238526979719186,2.0
45.984,-212.57154458976123,105.7154076964057,1.2628991028297416,17.246642715712124,2.0
46.016,-213.0977335927132,105.88271185907216,1.262982757629868,17.254572249355665,2.0
46.048,-213.62405347315487,106.05000078937162,1.263070766071637,17.258325748418386,2.0
46.08,-214.15046192933423,106.21725757043004,1.263163003290834,17.260659465938243,2.0
46.112,-214.6769595618157,106.38447928967808,1.263258651922103,17.26298370235545,2.0
46.144,-215.20354523677585,106.55166300455932,1.2633565634796435,17.265246546172275,2.0
46.176,-215.73025618924464,106.71881861637456,1.2634555176822797,17.268712287999477,2.0
46.208,-216.2570295921772,106.88592481035428,1.2635544516475254,17.270105423315375,2.0
46.24,-216.78387390372635,107.05298377091349,1.2636527065914107,17.271771390598794,2.0
46.272,-217.31078475166768,107.21999398279684,1.2637494592456349,17.2732930547495,2.0
46.304,-217.83783442663383,107.38697884945296,1.2638436143169853,17.277189440850236,2.0
46.336,-218.3651196524246,107.5539701959738,1.2639338247029228,17.284267912549556,2.0
46.368,-218.8927339919004,107.72099927226427,1.2640189379212317,17.294428864429154,2.0
46.4,-219.42066456389628,107.8880641914858,1.2640983281226748,17.304188472977586,2.0
46.432,-219.94884561572647,108.05514703735984,1.2641721632064067,17.31182032863496,2.0
46.464,-220.4771776159525,108.22221971398868,1.2642409288205667,17.316222027828157,2.0
46.496,-221.00560838783306,108.38926953345636,1.2643049249199334,17.31894969807426,2.0
46.528,-221.5340675892582,108.55627830326448,1.2643640235974594,17.319410195002817,2.0
46.56,-222.06255829094397,108.72325144378097,1.2644177820497788,17.320013359037493,2.0
46.592,-222.5910817789684,108.89019400962039,1.2644653789572122,17.320702531154215,2.0
46.624,-223.11968868687822,109.05712700388659,1.2645059391819478,17.323098285731536,2.0
46.656,-223.64844479100339,109.22407643522425,1.264538605377777,17.327698945177982,2.0
46.688,-224.17735065789407,109.3910477723682,1.2645627381143163,17.33236798503016,2.0
46.72,-224.70637393772137,109.55803663708785,1.2645784468602816,17.33603182882435,2.0
46.752,-225.2355274756235,109.72505272119328,1.2645859507988966,17.340169648221888,2.0
46.784,-225.764806197483,109.89210026812363,1.264585349329353,17.344196175312653,2.0
46.816,-226.29420550863978,110.05918349015948,1.2645769658843131,17.34812539797961,2.0
46.848,-226.8237540892059,110.2263170526098,1.2645610279500439,17.35304725129415,2.0
46.88,-227.35353783155227,110.39353351743479,1.2645374987243503,17.360835048709113,2.0
46.912,-227.88354897096164,110.56083554922772,1.2645063406261123,17.368416521646573,2.0
46.944,-228.41386341632528,110.72825252496503,1.26446806383919,17.378536484716783,2.0
46.976,-228.94427794759983,110.89572472596844,1.264423959362411,17.38203862565411,2.0
47.008,-229.47479407981155,111.06325727812805,1.2643754255126212,17.38563418327023,2.0
47.04,-230.00541270523647,111.23085475694857,1.2643228732940877,17.38929943736609,2.0
47.072,-230.536133973284,111.39852081696976,1.2642666642416123,17.39300360184677,2.0
47.104,-231.06701144030288,111.56627583025005,1.2642069114326278,17.398495509379437,2.0
47.136,-231.5980556766169,111.73412608937389,1.264143849422738,17.404361724941744,2.0
47.168,-232.12926314620105,111.90207295242689,1.264077933410819,17.410135466156145,2.0
47.2,-232.66063059999914,112.07011771765801,1.2640096846097253,17.415824736423716,2.0
47.232,-233.19604636271552,112.23950570233089,1.2639321711350087,17.54910480729312,2.0
47.264,-233.7314268364218,112.40891692802603,1.263837263522132,17.548271400619,2.0
47.296,-234.2668123067264,112.57838193200274,1.2637506540106742,17.548926950460384,2.0
47.328,-234.80222109348458,112.74790656485237,1.263675633036246,17.55018390742644,2.0
47.36,-235.3376838855915,112.91749865641142,1.2636105367589316,17.55242928832949,2.0
47.392,-235.87322210018326,113.08716396786498,1.263552902903404,17.555367242645985,2.0
47.424,-236.40884950392976,113.25690587368616,1.2635007148681021,17.558747272335772,2.0
47.456,-236.94465025304115,113.42674944143789,1.2634521171625168,17.564871020293797,2.0
47.488,-237.48060892649337,113.5966878540398,1.2634057633728581,17.570471103166213,2.0
47.52,-238.01675544647136,113.7667292161497,1.263361232506737,17.577039144713357,2.0
47.552,-238.55317611737317,113.93689938872264,1.2633182383963253,17.58642238981766,2.0
47.584,-239.08965793915328,114.10712833854936,1.2632774905525637,17.58879934017424,2.0
47.616,-239.62619717282539,114.27741239150114,1.2632402676137688,17.591030258234547,2.0
47.648,-240.16272175468092,114.44772559259991,1.263207009349738,17.590869406507693,2.0
47.68,-240.6992276530637,114.61806364883934,1.2631781027109026,17.590547928911402,2.0
47.712,-241.2357094572135,114.78842136812908,1.2631535881209432,17.59001623678184,2.0
47.744,-241.7721591418369,114.95879230061874,1.2631334539348984,17.58918454979563,2.0
47.776,-242.3086163270939,115.12918503918267,1.2631175860143227,17.589614217486716,2.0
47.808,-242.84507256496371,115.29959287350685,1.2631059469369943,17.58972881335892,2.0
47.84,-243.38155113332158,115.47001921036144,1.2630987231099169,17.59056894977423,2.0
47.872,-243.9182472260952,115.6405218919707,1.263095466495985,17.597769895744502,2.0
47.904,-244.4551468223288,115.81109190053667,1.2630957169818429,17.6044679300908,2.0
47.936,-244.99223947038413,115.98172187221702,1.263100125664653,17.61078499657419,2.0
47.968,-245.53342915678576,116.15364889427603,1.263094675952688,17.745082457166355,2.0
48.0,-246.07451654613692,116.32553001956103,1.2630836732560264,17.741599994548768,2.0
48.032000000000004,-246.61554843196458,116.49738341216887,1.2630886604537903,17.739683924647917,2.0
48.064,-247.15656940013878,116.66921731339978,1.2631106166492063,17.739174145883048,2.0
48.096000000000004,-247.69761308966622,116.84103771555354,1.2631461504282162,17.739723171420877,2.0
48.128,-248.23867938469667,117.01284100434532,1.2631918242269604,17.740234672816083,2.0
48.160000000000004,-248.77978627762357,117.18462954561164,1.263244613268023,17.741304491329263,2.0
48.192,-249.3209450756774,117.35640359342678,1.2633017136909317,17.74271351687176,2.0
48.224000000000004,-249.86216115777927,117.52816269255003,1.263361150717605,17.744278467666362,2.0
48.256,-250.40745195360518,117.70118160612934,1.2634100043565322,17.877557192822845,2.0
48.288000000000004,-250.95775916379316,117.87575314058654,1.2634291263518926,18.041655963905992,2.0
48.32,-251.51331745761306,118.05195996447414,1.263422944277283,18.213526243385385,2.0
48.352000000000004,-252.06801754796015,118.22784762124988,1.2634186048775424,18.18494124719632,2.0
48.384,-252.6220174787795,118.4034829346739,1.2634502917143824,18.161700098498333,2.0
48.416000000000004,-253.17544521514026,118.57890213317711,1.2635142625002873,18.14261488241371,2.0
48.448,-253.7283898100638,118.7541302134318,1.2635991593826243,18.12641897765834,2.0
48.480000000000004,-254.28531798087,118.93058290042704,1.2636830923222788,18.256648539858887,2.0
48.512,-254.84726008397647,119.10857916770512,1.2637387366149693,18.42058603022382,2.0
48.544000000000004,-255.4144647980879,119.28820590573082,1.2637656912634228,18.59275319549419,2.0
48.576,-255.98702901297477,119.46949817801868,1.2637718894927672,18.768137533028078,2.0
48.608000000000004,-256.5650100275674,119.65247732101389,1.2637637691845083,18.945429382780993,2.0
48.64,-257.14131549108356,119.83487380051179,1.2637628510825423,18.890010149668466,2.0
48.672000000000004,-257.71617828565337,120.0167920119691,1.2638106306373207,18.84252028553098,2.0
48.704,-258.289774149031,120.19828266291553,1.263897990291644,18.800745936357185,2.0
48.736000000000004,-258.8622145890978,120.37937748008375,1.264006383177494,18.762592100834254,2.0
48.768,-259.43845053315295,120.56164580183948,1.2641089210972705,18.886733093643045,2.0
48.800000000000004,-260.01961313790895,120.74543987363988,1.2641742465376244,19.047900022626294,2.0
48.832,-260.6059806466462,120.93085422845573,1.264199441752076,19.218251284246215,2.0
48.864000000000004,-261.190263010737,121.11557715082088,1.26419855009372,19.149607554882863,2.0
48.896,-261.77261809432076,121.29968435566562,1.2642226189493282,19.08638310044104,2.0
48.928000000000004,-262.35316010930677,121.48321036300146,1.264269586682565,19.02688693499152,2.0
48.96,-262.93195393022296,121.66617504137676,1.2643267613157165,18.96951011082055,2.0
48.992000000000004,-263.5092091582643,121.84864653958856,1.264382205937319,18.9190194561792,2.0
49.024,-264.08491693146,122.03062454003452,1.264427490892535,18.868261244651794,2.0
49.056000000000004,-264.65905128027913,122.21210427548554,1.2644583503040279,18.816684160622522,2.0
49.088,-265.2318495029519,122.39316579611418,1.2644725151185605,18.772931703714665,2.0
49.120000000000005,-265.80325589864924,122.57379650623233,1.2644695050829355,18.727401348966612,2.0
49.152,-266.37321707985126,122.7539842494525,1.264451296983083,18.680166103341982,2.0
49.184,-266.9416850468099,122.93371747253128,1.264420306322142,18.631392089054042,2.0
49.216,-267.51374313826176,123.11461038073537,1.2643697521461257,18.749293515899986,2.0
49.248,-268.0905762489515,123.29703786498938,1.2642803587504254,18.90603685993902,2.0
49.28,-268.67249777655667,123.48110960410834,1.2641588676203803,19.073150517462096,2.0
49.312,-269.25966406449083,123.66687393861572,1.2640168026907996,19.24537396445401,2.0
49.344,-269.8521808692589,123.85436403054878,1.2638654183911346,19.42105650929017,2.0
49.376,-270.45013017676126,124.04360652927726,1.2637149621260721,19.599429647978933,2.0
49.408,-271.0535734591668,124.23462146936681,1.2635707000991208,19.7798215014813,2.0
49.44,-271.6546486956584,124.42485681445288,1.2634517614868308,19.70190339085157,2.0
49.472,-272.2518549428407,124.61389876337843,1.2634339641792336,19.57538254152757,2.0
49.504,-272.8455687936599,124.80185290355732,1.2634941169230556,19.461084785985538,2.0
49.536,-273.43605721129825,124.98879610647155,1.2635967934299963,19.35546478426062,2.0
49.568,-274.0298504521599,125.1767995327821,1.2636966425649485,19.463912824790487,2.0
49.6,-274.6284034764122,125.36632406550707,1.2637502186318097,19.62005807885391,2.0
49.632,-275.2320582244798,125.55748918679983,1.2637561238255566,19.787522864234386,2.0
49.664,-275.84095767747533,125.7503392370096,1.2637206016012879,19.95966876584213,2.0
49.696,-276.4551797281805,125.9449035820274,1.2636555192136993,20.134413416139537,2.0
49.728,-277.0747817538351,126.14120358066582,1.2635729725014055,20.31106889220252,2.0
49.76,-277.6998096817791,126.33925485027952,1.2634835078060858,20.48923942562964,2.0
49.792,-278.330303324421,126.53906892683679,1.2633948896320746,20.668704294950853,2.0
49.824,-278.9662896958301,126.74065389100714,1.2633100825565988,20.84904980361875,2.0
49.856,-279.6077810384849,126.94401472591292,1.2632287525109638,21.029806916504235,2.0
49.888,-280.2547962353164,127.14915554184984,1.2631560944348725,21.21116542233885,2.0
49.92,-280.9073537337824,127.35607817714217,1.2630968877886786,21.393091006524305,2.0
49.952,-281.56546840845294,127.56478245176926,1.2630539086322659,21.57545820286825,2.0
49.984,-282.22914091897246,127.77526610006147,1.2630306776922902,21.757823846114775,2.0
50.016,-282.89837277824466,127.98752321131212,1.2630266030747892,21.940178862706237,2.0
50.048,-283.5731641930319,128.20154721043968,1.2630386911396647,22.12247799939135,2.0
50.08,-284.2535120486722,128.4173315920359,1.2630632396253436,22.30462291799521,2.0
50.112,-284.9393997135411,128.63486867483596,1.2630941569401564,22.486199832650573,2.0
50.144,-285.6308128561896,128.85415156649262,1.2631277345223915,22.66728469173276,2.0
50.176,-286.3277395926815,129.07517482644494,1.2631619801717473,22.84796411252745,2.0
50.208,-287.0301688826552,129.29793388434496,1.263195672069198,23.02827145385909,2.0
50.24,-287.738090494305,129.52242447249662,1.2632278501157972,23.20823367711399,2.0
50.272,-288.4514951661892,129.7486426866993,1.2632577111388148,23.38788314010589,2.0
50.304,-289.17037454590627,129.97658543053564,1.2632848097602547,23.567254567636574,2.0
50.336,-289.8947212876931,130.20625023637368,1.2633090445753419,23.74638389504197,2.0
50.368,-290.62452926858236,130.43763489758322,1.2633304484023336,23.92531001658658,2.0
50.4,-291.3597935550888,130.67073766136687,1.263349173857472,24.104072650042763,2.0
50.432,-292.10051025153075,130.90555738957508,1.263365564346935,24.282708509471004,2.0
50.464,-292.846676506342,131.14209323610035,1.263380032898928,24.46125144797564,2.0
50.496,-293.5982904862132,131.38034449563514,1.2633929571993445,24.639733119995007,2.0
50.528,-294.3553511770015,131.62031083626758,1.2634047093890877,24.818181446884534,2.0
50.56,-295.1178582210874,131.86199220717378,1.2634157017284104,24.996618635200928,2.0
50.592,-295.8858118754437,132.10538859753933,1.2634262606299655,25.175063368505214,2.0
50.624,-296.6592128761039,132.35050009489288,1.2634366317665684,25.35353084616055,2.0
50.656,-297.4380622457538,132.59732698685212,1.263447058288145,25.532031498219393,2.0
50.688,-298.22236122579056,132.8458696068388,1.263457717545669,25.71057227530158,2.0
50.72,-299.01211121818966,133.0961282276404,1.2634687113349694,25.889157392092876,2.0
50.752,-299.80731365567095,133.34810320297473,1.2634801065161805,26.06778853195196,2.0
50.784,-300.6079699223534,133.60179493316352,1.2634919551117099,26.246464689912013,2.0
50.816,-301.4060880906274,133.85463556448298,1.2635253581625694,26.162822746353434,2.0
50.848,-302.20003786435313,134.10616059866348,1.2636711454029392,26.026234689271227,2.0
50.88,-302.9900761651607,134.35641473555904,1.2638693811629038,25.897721648494606,2.0
50.912,-303.7763445091766,134.6054373641945,1.2640685598272545,25.77379250750872,2.0
50.944,-304.55909788573706,134.8533087627319,1.2642420932126033,25.658212937155213,2.0
50.976,-305.3383248531549,135.10002857058706,1.2643758136696481,25.5422865688359,2.0
51.008,-306.1205504142346,135.3476749211656,1.2644544581013133,25.64034782860148,2.0
51.04,-306.90726527961704,135.59672852523622,1.2644654877668813,25.787366602698683,2.0
51.072,-307.6988990571848,135.8473217119761,1.2644078279214714,25.94844045262104,2.0
51.104,-308.49562508976436,136.09951916747605,1.2642997856459945,26.115290754387562,2.0
51.136,-309.2975470682952,136.35336681127635,1.2641691061104698,26.285661601632377,2.0
51.168,-310.0966597426386,136.60632804736647,1.264057512209447,26.193591945866363,2.0
51.2,-310.8911346707185,136.85783236418644,1.2640142083286439,26.041674202994297,2.0
51.232,-311.68051382105006,137.10772310066935,1.264037522685385,25.874639128569136,2.0
51.264,-312.4647244547756,137.3559661185001,1.2641024133604417,25.705117529271384,2.0
51.296,-313.2441844319492,137.60268560020415,1.2641835683802671,25.54921567777714,2.0
51.328,-314.01932228669233,137.84801316847788,1.26426004054992,25.40732059973869,2.0
51.36,-314.7900087576481,138.0919111041642,1.264320397601203,25.261217861403157,2.0
51.392,-315.5564745470182,138.33445926777432,1.2643615246065736,25.122740370472197,2.0
51.424,-316.3187390104191,138.575668520418,1.2643825390819292,24.9849416940701,2.0
51.456,-317.0768112128183,138.81554753192677,1.2643854603483284,24.84749491024411,2.0
51.488,-317.8310716143716,139.05422302310427,1.264373257958652,24.7225782329266,2.0
51.52,-318.58150526418353,139.2916932568721,1.2643480933463331,24.597200389709563,2.0
51.552,-319.32679873478367,139.52754422653956,1.264316093405413,24.42878810076354,2.0
51.584,-320.0666545539816,139.76168552502554,1.2642862344376762,24.250660609131952,2.0
51.616,-320.80100275753483,139.99409534961745,1.264260114188161,24.07024298736378,2.0
51.648,-321.52982475190487,140.22476657407165,1.2642363460115928,23.889204159877,2.0
51.68,-322.25539191269064,140.45441751852795,1.2642071421973198,23.782610486680824,2.0
51.712,-322.9776745667259,140.68303713192688,1.2641658100898658,23.67502940363541,2.0
51.744,-323.69686499234297,140.91068765238467,1.2641169939432746,23.5737640625671,2.0
51.776,-324.4129746836275,141.13737207522414,1.2640649663355907,23.472869201062892,2.0
51.808,-325.12631677301573,141.3631891837651,1.2640135341342718,23.382235039017736,2.0
51.84,-325.83689163096113,141.58813764414472,1.2639642580834523,23.291598878296462,2.0
51.872,-326.5447613785081,141.81223549719977,1.2639190745500868,23.202983350717208,2.0
51.904,-327.25000028464177,142.03550441950122,1.2638787755247096,23.11678479613487,2.0
51.936,-327.9526921580941,142.2579700762553,1.263843655493843,23.033325168385062,2.0
51.968,-328.6531161229119,142.47972028990395,1.2638132873024257,22.959009870659145,2.0
52.0,-329.3512121349719,142.70073516456924,1.263786386591364,22.882718003207625,2.0
52.032000000000004,-330.04717178215674,142.9210760364551,1.2637630393156074,22.812712716233886,2.0
52.064,-330.74108408745076,143.1407718256037,1.263742192618752,22.745632511536122,2.0
52.096000000000004,-331.43303668269937,143.35985177470593,1.2637232334406954,22.681438978573947,2.0
52.128,-332.1285701659253,143.5800787725923,1.2636981997622656,22.798944509646564,2.0
52.160000000000004,-332.8221423268506,143.79967984967487,1.2636510717275888,22.73460591733259,2.0
52.192,-333.5138890782823,144.01871621702907,1.263614836692333,22.67489534665033,2.0
52.224000000000004,-334.20392734299213,144.2372248227592,1.263592594430895,22.619017242836627,2.0
52.256,-334.89236908552107,144.45524126473885,1.2635805136657063,22.56681080922787,2.0
52.288000000000004,-335.57937546064073,144.67281823346545,1.2635742695687577,22.51990256223835,2.0
52.32,-336.2650237627427,144.8899812093471,1.2635701261881949,22.475537384800237,2.0
52.352000000000004,-336.954367846285,145.10834863066378,1.2635592192884835,22.597004945600318,2.0
52.384,-337.6422238328296,145.32624389444004,1.2635240766176805,22.54821668249916,2.0
52.416000000000004,-338.32865862939974,145.54371481180047,1.2634964463980831,22.50187344086831,2.0
52.448,-339.0137673225561,145.76079158374762,1.2634802590079848,22.45864808170179,2.0
52.480000000000004,-339.69762475291355,145.97749705335576,1.2634716654540992,22.417867862149357,2.0
52.512,-340.38038497153167,146.19388126875987,1.2634664677102594,22.382149206531956,2.0
52.544000000000004,-341.0620876637984,146.4099572249837,1.2634614121710828,22.34773543148261,2.0
52.576,-341.7427632823687,146.62573408342476,1.2634546373510882,22.314315331576648,2.0
52.608000000000004,-342.4224342954733,146.84121968734252,1.2634450976345344,22.28163863948066,2.0
52.64,-343.10112177912936,147.05642235208134,1.2634327905914813,22.24966836378143,2.0
52.672000000000004,-343.78356644811623,147.27285678227452,1.2634080717531606,22.373225287301985,2.0
52.704,-344.47079951732263,147.49086994665333,1.263369873715769,22.530780949949282,2.0
52.736000000000004,-345.16316804784947,147.7105514649104,1.2633165155608228,22.69952131207183,2.0
52.768,-345.85378821135293,147.9296307724806,1.2632342468814575,22.64174338487922,2.0
52.800000000000004,-346.5428325541137,148.14823886922952,1.2631851011404762,22.590348721611996,2.0
52.832,-347.23046560522016,148.3664201575533,1.2631772084430068,22.544276932644394,2.0
52.864000000000004,-347.9168098066713,148.58420552446438,1.263197322176467,22.5021451321171,2.0
52.896,-348.6021210890052,148.8016725017212,1.2632325654615228,22.468369413529608,2.0
52.928000000000004,-349.2864258421433,149.01882607284057,1.2632730933741418,22.43542666696971,2.0
52.96,-349.96975533417753,149.2356727669014,1.2633127298032447,22.403476723860738,2.0
52.992000000000004,-350.6521236533323,149.45221676231037,1.263347984980892,22.37198569776219,2.0
53.024,-351.3335321557161,149.66846000048798,1.263377737549037,22.340553297718184,2.0
53.056000000000004,-352.01871870488907,149.88590754411987,1.263387715831026,22.46446969744948,2.0
53.088,-352.708747108715,150.10490393290294,1.2633623568507557,22.62333351945131,2.0
53.120000000000005,-353.39725715650957,150.32340249609658,1.2633224706369777,22.573399065072596,2.0
53.152,-354.0843562655784,150.54146099958584,1.2633079804768748,22.527212259545543,2.0
53.184000000000005,-354.77013905551445,150.75910216243662,1.263319994536002,22.484059309182353,2.0
53.216,-355.4545097581902,150.97628922901723,1.2633502121266995,22.437706648998198,2.0
53.248000000000005,-356.13747642742504,151.1930208334602,1.2633913837784683,22.391580977019114,2.0
53.28,-356.8190772723762,151.40930507201514,1.263437277641934,22.346669800981143,2.0
53.312,-357.4993352005544,151.62514605446543,1.2634832216256349,22.302479656087527,2.0
53.344,-358.17828328686835,151.84055344837913,1.2635266872709954,22.25936596033543,2.0
53.376,-358.8559889064525,152.0555480425624,1.2635661781121013,22.218455559204717,2.0
53.408,-359.5324438636591,152.27012620145103,1.2636012118641389,22.177266718518545,2.0
53.44,-360.2076404579132,152.48428416062296,1.2636321109163333,22.13581299009359,2.0
53.472,-360.88157055631,152.6980193303348,1.2636597244679475,22.094092602489052,2.0
53.504,-361.5541862931556,152.91131558810667,1.2636850800290864,22.05079415407176,2.0
53.536,-362.2256174931866,153.12421301159233,1.2637087799666429,22.011741572178625,2.0
53.568,-362.8958969715165,153.33672040455815,1.263730772603609,21.973749710023487,2.0
53.6,-363.565020675568,153.5488359776474,1.2637516176370676,21.935620261382113,2.0
53.632,-364.23300856891143,153.76056515339658,1.263772150343846,21.898136738431504,2.0
53.664,-364.9047438190433,153.9734567463296,1.2637827531377668,22.020747206435704,2.0
53.696,-365.58138058071586,154.18786888295827,1.2637610955719112,22.181123439474906,2.0
53.728,-366.2565080765748,154.40176869716308,1.2637265301296188,22.131319875658093,2.0
53.76,-366.9302648968733,154.6152134005149,1.2637193266981892,22.086188758394908,2.0
53.792,-367.6025368370893,154.82816153626015,1.2637397591565849,22.03726581287687,2.0
53.824,-368.27343372921155,155.04064621853252,1.263780351985586,21.991928322903366,2.0
53.856,-368.9430005347024,155.25267963272248,1.26383267179603,21.948045607696745,2.0
53.888,-369.61130382489034,155.46428134502068,1.2638892443634424,21.906330751526326,2.0
53.92,-370.2784898983058,155.6754983315672,1.2639443969331783,21.869417361968043,2.0
53.952,-370.9445870911252,155.88634268053883,1.2639945776415467,21.833462043183232,2.0
53.984,-371.6097340495707,156.09686143637208,1.2640379390223073,21.802080890942573,2.0
54.016,-372.2738653893896,156.3070359895887,1.2640734509728053,21.768576274281635,2.0
54.048,-372.93698550893436,156.5168710692004,1.2641014544429332,21.73524729561982,2.0
54.08,-373.5990956822124,156.72637098372965,1.2641225947506547,21.701996936129483,2.0
54.112,-374.2602899214257,156.93556834582037,1.2641372833239208,21.671855068708144,2.0
54.144,-374.9206644117823,157.14449575231635,1.2641454508433623,21.644886324113315,2.0
54.176,-375.5801193964137,157.3531241637588,1.2641477481584735,21.614671734156545,2.0
54.208,-376.2386547518452,157.56145669132405,1.26414571744214,21.58448282782769,2.0
54.24,-376.8962729309802,157.76949608491688,1.264140178851729,21.554392945444796,2.0
54.272,-377.5529785654883,157.97724560833248,1.264131585171319,21.52447183297749,2.0
54.304,-378.21349118313253,158.18620367963032,1.264111629858164,21.649293650064276,2.0
54.336,-378.87287343376084,158.39479853749427,1.2640700912894125,21.612189573249744,2.0
54.368,-379.5311904799491,158.60306495840084,1.2640367566274728,21.577355745768763,2.0
54.4,-380.1852245503697,158.8099822514962,1.2640235408582583,21.437029621171096,2.0
54.432,-380.83420890718565,159.01531219785014,1.264042135967266,21.271616119206556,2.0
54.464,-381.4779231211515,159.21898448148312,1.264086295082153,21.09897281580804,2.0
54.496,-382.1162689685094,159.4209668473309,1.2641436518285654,20.92309805492963,2.0
54.528,-382.7544714325726,159.62291314654448,1.2641784284324784,20.918479492979795,2.0
54.56,-383.39238116662017,159.8247768181482,1.2641715468127146,20.90897715613869,2.0
54.592,-384.02987862891035,160.0265282737481,1.2641322464367943,20.895636236411942,2.0
54.624,-384.66688412652024,160.22814738527958,1.2640725220836637,20.879731856479598,2.0
54.656,-385.30334387188185,160.42962012123053,1.2640021581782872,20.86209262041439,2.0
54.688,-385.93922908602855,160.63093947831524,1.2639286825997587,20.84352960479434,2.0
54.72,-386.57461425851477,160.83212869261214,1.2638569224533558,20.82740470709303,2.0
54.752,-387.20941912075904,161.0331601696041,1.2637894389462085,20.808627715339462,2.0
54.784,-387.84366648025247,161.23403945408387,1.2637282126880167,20.790582374324583,2.0
54.816,-388.4773106166988,161.43475069126188,1.2636741672582898,20.771025285477542,2.0
54.848,-389.11039218137194,161.63530536791183,1.2636276831997797,20.752787753643556,2.0
54.88,-389.7431484179605,161.8357767939022,1.2635876979031335,20.742309999109363,2.0
54.912,-390.37561519401135,162.03617482643847,1.2635526043514516,20.73299386795663,2.0
54.944,-391.0078442131389,162.2365155004816,1.2635219823633574,20.725369458064097,2.0
54.976,-391.64002755423957,162.43685923100216,1.2634950857134386,20.724037509069902,2.0
55.008,-392.2721948347807,162.6372145102284,1.263470954421173,20.7236680758122,2.0
55.04,-392.904375396842,162.83759048363723,1.2634495135914254,20.724259118491545,2.0
55.072,-393.54059234319374,163.03927806683313,1.2634238813381342,20.856886091726103,2.0
55.104,-394.1764705545798,163.24085556465732,1.2633844082623513,20.845754991705824,2.0
55.136,-394.81187266363577,163.44230001703002,1.2633576248486136,20.830315865667973,2.0
55.168,-395.4468784251143,163.64363544700342,1.2633468719796668,20.817479774853908,2.0
55.2,-396.08154929411756,163.84487888924312,1.2633479907460565,20.80663529313516,2.0
55.232,-396.715973389918,164.0460570847803,1.2633562934689306,20.798668215229206,2.0
55.264,-397.35043949786507,164.24726064091516,1.2633671961684616,20.80015915658939,2.0
55.296,-397.984921228868,164.4484796122071,1.2633772915017392,20.800770049342034,2.0
55.328,-398.61942393102873,164.6497155868788,1.2633857283607877,20.80155523292833,2.0
55.36,-399.25391281294475,164.85095769049437,1.2633925672924915,20.80120134224239,2.0
55.392,-399.88837990042117,165.05220304039022,1.2633982150273269,20.80058270378037,2.0
55.424,-400.5226512244723,165.25339527112038,1.2634033998099943,20.794249475064074,2.0
55.456,-401.1567278908946,165.4545340105501,1.263408939382627,20.787945672970835,2.0
55.488,-401.7906078596005,165.6556175028896,1.26341483278884,20.781564528520548,2.0
55.52,-402.4242868182691,165.85664283801017,1.2634209947915827,20.77502745413598,2.0
55.552,-403.0580352432799,166.05769412445935,1.2634265790394574,20.777341895282643,2.0
55.584,-403.69583620023565,166.26003448570668,1.2634178032547212,20.910238153656582,2.0
55.616,-404.3385714072063,166.46395565818003,1.2633843536631861,21.07215715804733,2.0
55.648,-404.98652129964745,166.66953834266891,1.2633281335243123,21.243191607398582,2.0
55.68,-405.6335753879733,166.87480633714708,1.26327578163572,21.213527175166696,2.0
55.712,-406.27988943092504,167.0798400325579,1.263263147517505,21.189266912768343,2.0
55.744,-406.92559677066225,167.28467504003348,1.26328759469003,21.169317212640227,2.0
55.776,-407.5707940518796,167.4893350921962,1.2633367018046726,21.152471387676783,2.0
55.808,-408.21997082277625,167.695241724266,1.2633847970127021,21.282787708197773,2.0
55.84,-408.86839226190807,167.90088302952265,1.2634231008600894,21.25778178096778,2.0
55.872,-409.51613539647644,168.10629232629978,1.2634728050574549,21.235385501482774,2.0
55.904,-410.1632564256073,168.31148466344877,1.2635318749202606,21.21480530191811,2.0
55.936,-410.80978521712893,168.51646855951788,1.2635942766754444,21.195194949501737,2.0
55.968,-411.45031680507986,168.71945642096154,1.2628776693977655,20.99783753602775,2.0
56.0,-412.0514927294355,168.8976190381255,1.256712531357185,19.597139105004025,2.0
56.032000000000004,-412.65810709133547,169.0816413821171,1.2529965764858608,19.81200570951679,2.0
56.064,-413.27015943953387,169.27082243894498,1.2514877062628005,20.021536767324097,2.0
56.096000000000004,-413.88873388848526,169.46564732283622,1.2522113703923285,20.267884242249604,2.0
56.128,-414.51349417057804,169.66446970199888,1.2548362153857557,20.48935855217706,2.0
56.160000000000004,-415.1384657429441,169.86273597249098,1.257356470290124,20.48984310430095,2.0
56.192,-415.7636181648815,170.06047911108897,1.2594043709966491,20.49006394811447,2.0
56.224000000000004,-416.38889775279137,170.25784113787677,1.2609591818739643,20.490261397112093,2.0
56.256,-417.0143307830657,170.45500108175665,1.2620979980934226,20.493076184427654,2.0
56.288000000000004,-417.6234044681573,170.63951686378314,1.2642157647047292,19.88813073024214,2.0
56.32,-418.2148079185378,170.80992839463093,1.2671532466445654,19.235029329327865,2.0
56.352000000000004,-418.80186399092344,170.97382669345168,1.2708314741164257,19.05533260659066,2.0
56.384,-419.39332640271215,171.1362308916459,1.2725437893295786,19.17975896061276,2.0
56.416000000000004,-419.98821697698304,171.29787620665445,1.2742712546931296,19.278132483458887,2.0
56.448,-420.58668858265605,171.4611673631628,1.2767711453389128,19.39919664269165,2.0
56.480000000000004,-421.1887740131933,171.62652829038407,1.2799664958560804,19.523802817970246,2.0
56.512,-421.79446262401615,171.79418149226981,1.2838187600433193,19.649465023382252,2.0
56.544000000000004,-422.40365925080795,171.96410486663467,1.2883013748291317,19.77179170650348,2.0
56.576,-423.0138989210365,172.13280188320886,1.2943413643615267,19.794839526198142,2.0
56.608000000000004,-423.6267257182172,172.3001962780214,1.3001291465266995,19.86333148677062,2.0
56.64,-424.2425255923227,172.46800218140882,1.3054541145808687,19.954925632769516,2.0
56.672000000000004,-424.8611464629295,172.6377299054076,1.3110762463132108,20.053306252316947,2.0
56.704,-425.4826785383643,172.80965127788457,1.3169922398003997,20.15669339060023,2.0
56.736000000000004,-426.10723734613595,172.98402228815587,1.3230661756421525,20.266313287026165,2.0
56.768,-426.73488990312694,173.16096368125798,1.3291168150174795,20.379679713271447,2.0
56.800000000000004,-427.3657631269895,173.34059532658614,1.3349464344621018,20.498617607818677,2.0
56.832,-427.9998400157357,173.52274071473943,1.3406559669065443,20.616249828193055,2.0
56.864000000000004,-428.63729095997974,173.70691233667154,1.345777573516101,20.735369642758194,2.0
56.896,-429.27823631954095,173.89301810865288,1.3500886637247091,20.857813240546616,2.0
56.928000000000004,-429.92286320162566,174.08087390152565,1.3533063018658134,20.98471759093657,2.0
56.96,-430.57140374915855,174.2701649293913,1.3551003646330493,21.116197345369937,2.0
56.992000000000004,-431.2240337668533,174.46117742688102,1.3554324239870852,21.25567975713314,2.0
57.024,-431.88130472989184,174.65396216081348,1.3542658287105285,21.41202382600696,2.0
57.056000000000004,-432.5435008323354,174.84834627528218,1.3513932247032752,21.57526182564784,2.0
57.088,-433.2109283347608,175.04411243303252,1.3465889371272646,21.7456374540923,2.0
57.120000000000005,-433.88381180818357,175.2426298033112,1.340588928797988,21.934516464456728,2.0
57.152,-434.5636061201012,175.44602176980695,1.333524135830873,22.184948124001018,2.0
57.184000000000005,-435.2505301768628,175.6543486534323,1.3255430997176612,22.442478759401205,2.0
57.216,-435.94561777940976,175.8690404396792,1.316822466348796,22.74352422181008,2.0
57.248000000000005,-436.6488884505568,176.09041206778085,1.3077591492400769,23.048527182115386,2.0
57.28,-437.35968853674655,176.31857272491993,1.2982296239644033,23.335095341226644,2.0
57.312000000000005,-438.07824599525634,176.55388072061612,1.288569192576065,23.632977144037696,2.0
57.344,-438.8039780718376,176.79606038418575,1.2791335127220342,23.91172079231773,2.0
57.376,-439.5369716348886,177.04513005786708,1.2699916260914137,24.19431813663233,2.0
57.408,-440.27722598138854,177.3010620731324,1.2611521685763143,24.477625189559042,2.0
57.44,-441.0230817244592,177.56120536811383,1.2538078930810157,24.685426902153313,2.0
57.472,-441.77072647022976,177.81905470536606,1.2493364051781153,24.714622010418186,2.0
57.504,-442.52158613520527,178.07714895382782,1.2472310191934997,24.81202923516627,2.0
57.536,-443.27416051044463,178.3318609685043,1.2440301068746098,24.828473388763832,2.0
57.568,-444.028734122283,178.5832288934158,1.2398210666867342,24.854404042457922,2.0
57.6,-444.7851665274642,178.8315705051781,1.2348469239982263,24.879921919548067,2.0
57.632,-445.54297388849824,179.07534057149005,1.2287875005384004,24.87663733648226,2.0
57.664,-446.3045887560598,179.3192852731913,1.2206962209630217,24.991643360104202,2.0
57.696,-447.06871262977563,179.56329617250253,1.210971178140763,25.06692077632693,2.0
57.728,-447.8346282079394,179.8087689100584,1.1997271449295588,25.134148336758898,2.0
57.76,-448.6004882719705,180.05389469088922,1.1857842324479175,25.1291684660388,2.0
57.792,-449.36685755390994,180.3009792615951,1.1711804829027133,25.16310550000993,2.0
57.824,-450.1334542673631,180.54991830518205,1.1560624281644256,25.187804360178824,2.0
57.856,-450.90012413034117,180.80048105110603,1.1403953466299235,25.206098892077403,2.0
57.888,-451.6672565418903,181.0531163937826,1.1247609931020324,25.24056490835244,2.0
57.92,-452.4345041531731,181.30715912446612,1.1088978422903082,25.258338452453604,2.0
57.952,-453.2001970189161,181.56058539398302,1.0919245904484165,25.206912898588502,2.0
57.984,-453.9643381163695,181.81491184660044,1.0753370950343972,25.17031604177722,2.0
58.016,-454.72732564523415,182.0713153448835,1.0598416939790007,25.156820597779145,2.0
58.048,-455.4875267363413,182.32770772372203,1.0442907425936074,25.074325161297146,2.0
58.08,-456.2446698833162,182.5842686476276,1.028951385863419,24.98556030125272,2.0
58.112,-457.00056242842084,182.84537338411954,1.0161554465214808,24.994007740754405,2.0
58.144,-457.7555201120987,183.1112793529772,1.0056159427593436,25.014956942035607,2.0
58.176,-458.50968562307344,183.382056810357,0.997109911126112,25.041830209753552,2.0
58.208,-459.26305509807463,183.65779071550529,0.9905909167942483,25.07064376177115,2.0
58.24,-460.01579230545633,183.93876948508412,0.9862121397099229,25.108581594186404,2.0
58.272,-460.76800335907507,184.22513826602233,0.9841027625046299,25.15245374551437,2.0
58.304,-461.51976371834456,184.51718121998599,0.9845245468105873,25.20295556738194,2.0
58.336,-462.27112716134957,184.81514195710855,0.9877361018307214,25.25908111239152,2.0
58.368,-463.0221794730483,185.119199566777,0.9939376254200422,25.321090082367178,2.0
58.4,-463.7730080465942,185.429612051483,1.0033666503920686,25.390009134598444,2.0
58.432,-464.5236736109176,185.74663640602012,1.0162542788000921,25.46515270607929,2.0
58.464,-465.2742579273983,186.07044301090468,1.032752751680121,25.546178843634173,2.0
58.496,-466.02840180561236,186.4004042465719,1.0504268359049647,25.725097683090304,2.0
58.528,-466.78745300484456,186.73662134539072,1.0689029429291597,25.944423347027207,2.0
58.56,-467.55344431197216,187.07909481411738,1.0874226899977717,26.222226575152042,2.0
58.592,-468.32651615056784,187.42825494361196,1.1064700219687438,26.50974858188837,2.0
58.624,-469.10675971243614,187.78451825807758,1.1264448891983145,26.805545681046024,2.0
58.656,-469.89425224757616,188.14688721130574,1.1485065727834416,27.090896923225547,2.0
58.688,-470.6885138536426,188.50735659640068,1.1696571179846311,27.258253330419535,2.0
58.72,-471.4899635392298,188.86313903484023,1.1880988284134941,27.402916619605595,2.0
58.752,-472.2982256654219,189.21363625265275,1.203429254730965,27.531186652845463,2.0
58.784,-473.1127007640947,189.5565777170334,1.215641911591547,27.616718789209806,2.0
58.816,-473.93167995686326,189.8926082081351,1.2249914908216855,27.663671847660616,2.0
58.848,-474.7524771141509,190.22251948513681,1.2319715899538235,27.644319897412355,2.0
58.88,-475.5747962091286,190.54690004064497,1.2366678478205377,27.62458552292518,2.0
58.912,-476.39891547629173,190.86755884794508,1.2397766698990655,27.634572906083026,2.0
58.944,-477.2256981865674,191.18570455592507,1.2418953069684988,27.683880498816087,2.0
58.976,-478.0544807715524,191.50056529435557,1.2427887773359803,27.705615673413252,2.0
59.008,-478.88412711816903,191.8122209172162,1.2428412391820014,27.69548255521566,2.0
59.04,-479.7145680984128,192.12079193263423,1.2425167317087278,27.685009727401294,2.0
59.072,-480.54570900286035,192.42549825870532,1.2427690732943277,27.663710770443327,2.0
59.104,-481.3775203707588,192.7259765099586,1.2439843062882394,27.638210118049315,2.0
59.136,-482.2100105468426,193.02197697760892,1.2462180763811679,27.61096135205096,2.0
59.168,-483.0432262785113,193.31318908542133,1.2492294971519273,27.58258450418945,2.0
59.2,-483.877233289031,193.59939178793047,1.2527330188427677,27.5547071381116,2.0
59.232,-484.7120771066586,193.8805346638122,1.2565673690743504,27.52855809030988,2.0
59.264,-485.54779439153305,194.15650161563102,1.2605508499690508,27.503268226495404,2.0
59.296,-486.38442490237225,194.42720563837332,1.2645072935152333,27.479279886321788,2.0
59.328,-487.2210858641738,194.69269661922857,1.2683251159272715,27.430463902362266,2.0
59.36,-488.0558567470247,194.95287734642363,1.2718802058327554,27.324329942072954,2.0
59.392,-488.8875245076898,195.20766513219033,1.275266160082838,27.181921460778554,2.0
59.424,-489.7153323534708,195.457114911972,1.278659231816518,27.018011576494157,2.0
59.456,-490.5388055462367,195.70127271408657,1.282186601103382,26.840863890197948,2.0
59.488,-491.3576982602758,195.94013275364352,1.285897728552752,26.656827005740613,2.0
59.52,-492.17198487840653,196.17371788749716,1.2897898119085582,26.472746300114895,2.0
59.552,-492.98165061201,196.40211745421885,1.2938673752271985,26.28951053818163,2.0
59.584,-493.7867119053305,196.6254162450653,1.2981256129149135,26.107996324246653,2.0
59.616,-494.5871649289781,196.84376163699065,1.302594370631972,25.92808630953916,2.0
59.648,-495.38299236455236,197.05724592378172,1.3072927908518388,25.748880595933695,2.0
59.68,-496.17416850022767,197.265952642143,1.3122060229147852,25.570028626454803,2.0
59.712,-496.9606550092941,197.46995081371855,1.3172981260704935,25.391010257193123,2.0
59.744,-497.74240311934534,197.66916067249983,1.3225833779746716,25.210339856330677,2.0
59.776,-498.5193751034718,197.86350335458212,1.3280474337194588,25.02839475501272,2.0
59.808,-499.29153267306447,198.05291138442834,1.3336612479239693,24.845280493158505,2.0
59.84,-500.0588356635706,198.23732196689386,1.3393703898196183,24.661009868286325,2.0
59.872,-500.82527982696655,198.41672373402284,1.3458335828540593,24.598780206048943,2.0
59.904,-501.5916046948569,198.59104649241635,1.3529292290561605,24.559470800902158,2.0
59.936,-502.3578771964233,198.76018756824647,1.3603532768482565,24.522475631755537,2.0
59.968,-503.1241726084685,198.92477791776528,1.3672960558766747,24.492929154468122,2.0
60.0,-503.8905423445999,199.08575189968053,1.3727613132789747,24.471732431025405,2.0
